selected_bssid_compact,id,building_id,floor1_id,floor2_id,space_id,lat,lon,timestamp_epoch,phone,gps_lat,gps_lon,gps_accuracy,ori_x,ori_y,ori_z,distance_to_known_ap_m,rss_dbm
b28ba99b8d2a,866,1,5,5,,36.3128076,59.5263696,1765444452832,Redmi/24117RN76G,36.3128117,59.5263983,2.85,7.38112,-82.1298,21.9237,0.7938540902604664,-38
b28ba99b8d2a,867,1,5,5,,36.3128076,59.5263696,1765444460937,Redmi/24117RN76G,36.3127996,59.5264183,3.35,131.262,-87.1401,39.6988,0.7938540902604664,-40
b28ba99b8d2a,868,1,5,5,,36.3128076,59.5263696,1765444461944,Redmi/24117RN76G,36.3127996,59.5264183,3.35,99.7414,-86.9868,-0.474914,0.7938540902604664,-40
b28ba99b8d2a,869,1,5,5,,36.3128076,59.5263696,1765444466012,Redmi/24117RN76G,36.3128223,59.5263889,3.45,168.235,-83.8834,46.0867,0.7938540902604664,-25
b28ba99b8d2a,870,1,5,5,,36.3128076,59.5263696,1765444467023,Redmi/24117RN76G,36.3128223,59.5263889,3.45,174.974,-82.9402,39.1778,0.7938540902604664,-25
b28ba99b8d2a,871,1,5,5,,36.3128076,59.5263696,1765444473092,Redmi/24117RN76G,36.3128441,59.526359,3.55,193.488,-84.356,-6.19441,0.7938540902604664,-39
b28ba99b8d2a,872,1,5,5,,36.3128076,59.5263696,1765444474110,Redmi/24117RN76G,36.3128441,59.526359,3.55,216.992,-86.9677,0.239064,0.7938540902604664,-39
b28ba99b8d2a,873,1,5,5,,36.3128076,59.5263696,1765444480197,Redmi/24117RN76G,36.3128279,59.5263357,3.733,304.363,-81.9591,20.0857,0.7938540902604664,-37
b28ba99b8d2a,874,1,5,5,,36.3128076,59.5263696,1765444481208,Redmi/24117RN76G,36.3128279,59.5263357,3.733,297.032,-70.8511,-28.8425,0.7938540902604664,-37
b28ba99b8d2a,875,1,5,5,,36.3128076,59.5263696,1765444487326,Redmi/24117RN76G,36.3128139,59.5263122,4.05,96.2051,-78.4387,-1.17075,0.7938540902604664,-35
b28ba99b8d2a,876,1,5,5,,36.3128076,59.5263696,1765444488339,Redmi/24117RN76G,36.3128139,59.5263122,4.05,93.4611,-84.3483,-30.4119,0.7938540902604664,-35
b28ba99b8d2a,2499,1,5,5,,36.3128115,59.5263679,1766045969885,HONOR/ALI-NX1,36.3128,59.5264052,11.159,169.987,-40.561,-2.30701,0.8982894445044264,-42
b28ba99b8d2a,2500,1,5,5,,36.3128115,59.5263679,1766045974949,HONOR/ALI-NX1,36.3128061,59.5263221,10.547,155.831,-86.8662,-44.945,0.8982894445044264,-39
b28ba99b8d2a,2501,1,5,5,,36.3128115,59.5263679,1766045983055,HONOR/ALI-NX1,36.3129576,59.5263747,10.48,323.104,-85.0858,-33.1447,0.8982894445044264,-40
b28ba99b8d2a,2502,1,5,5,,36.3128115,59.5263679,1766045991188,HONOR/ALI-NX1,36.3128466,59.526352,12.179,296.479,-17.9537,8.1414,0.8982894445044264,-46
b28ba99b8d2a,2503,1,5,5,,36.3128115,59.5263679,1766045999306,HONOR/ALI-NX1,36.3128266,59.5263752,11.848,155.876,-31.5076,-0.396942,0.8982894445044264,-37
b28ba99b8d2a,2504,1,5,5,,36.3127978,59.5263734,1766046011472,HONOR/ALI-NX1,36.312815,59.5263665,8.292,149.637,-35.713,-0.698133,1.3986046739349274,-37
b28ba99b8d2a,2505,1,5,5,,36.3127978,59.5263734,1766046015519,HONOR/ALI-NX1,36.3128141,59.52637,6.664,132.15,-87.7998,35.3847,1.3986046739349274,-34
b28ba99b8d2a,2506,1,5,5,,36.3127978,59.5263734,1766046019560,HONOR/ALI-NX1,36.3128141,59.52637,6.664,152.892,-84.9506,-55.8013,1.3986046739349274,-27
b28ba99b8d2a,2507,1,5,5,,36.3127978,59.5263734,1766046023622,HONOR/ALI-NX1,36.3128167,59.5263711,6.831,351.984,-89.7106,83.7645,1.3986046739349274,-25
b28ba99b8d2a,2508,1,5,5,,36.3127978,59.5263734,1766046033760,HONOR/ALI-NX1,36.3128464,59.5263595,8.505,156.552,-40.4522,8.39824,1.3986046739349274,-31
b28ba99b8d2a,877,1,5,5,,36.3128242,59.5263627,1765444496433,Redmi/24117RN76G,36.3127093,59.526393,4.733,13.929,-81.1851,34.1078,2.0780500125137586,-43
b28ba99b8d2a,878,1,5,5,,36.3128242,59.5263627,1765444501482,Redmi/24117RN76G,36.3126636,59.5264438,4.4,6.0993,-83.9032,-7.97804,2.0780500125137586,-45
b28ba99b8d2a,879,1,5,5,,36.3128242,59.5263627,1765444502494,Redmi/24117RN76G,36.3126636,59.5264438,4.4,357.179,-82.9247,-22.4183,2.0780500125137586,-45
b28ba99b8d2a,880,1,5,5,,36.3128242,59.5263627,1765444508553,Redmi/24117RN76G,36.3126665,59.5264726,3.933,90.7065,-86.245,-9.30564,2.0780500125137586,-42
b28ba99b8d2a,881,1,5,5,,36.3128242,59.5263627,1765444509568,Redmi/24117RN76G,36.3126859,59.5264701,3.8,169.029,-84.5706,44.1772,2.0780500125137586,-42
b28ba99b8d2a,882,1,5,5,,36.3128242,59.5263627,1765444515620,Redmi/24117RN76G,36.3127474,59.5264325,3.85,173.055,-83.1185,4.6906,2.0780500125137586,-41
b28ba99b8d2a,883,1,5,5,,36.3128242,59.5263627,1765444516628,Redmi/24117RN76G,36.3127474,59.5264325,3.85,176.616,-83.5219,7.29861,2.0780500125137586,-41
b28ba99b8d2a,884,1,5,5,,36.3128242,59.5263627,1765444524724,Redmi/24117RN76G,36.3127521,59.5264826,3.95,278.502,-86.5505,25.3613,2.0780500125137586,-50
b28ba99b8d2a,885,1,5,5,,36.3128242,59.5263627,1765444525741,Redmi/24117RN76G,36.3127521,59.5264826,3.95,304.928,-85.9315,33.7645,2.0780500125137586,-50
b28ba99b8d2a,886,1,5,5,,36.3128242,59.5263627,1765444529794,Redmi/24117RN76G,36.3127501,59.5264719,4.15,18.1873,-82.7361,25.7259,2.0780500125137586,-50
b28ba99b8d2a,887,1,5,5,,36.3128242,59.5263627,1765444530801,Redmi/24117RN76G,36.3127501,59.5264719,4.15,11.4834,-72.5996,-21.5646,2.0780500125137586,-50
b28ba99b8d2a,855,1,5,5,,36.3127909,59.5263765,1765444410307,Redmi/24117RN76G,36.3127994,59.5264006,3.2,9.13819,-82.4443,10.106,2.1346903156912846,-32
b28ba99b8d2a,856,1,5,5,,36.3127909,59.5263765,1765444416365,Redmi/24117RN76G,36.3128162,59.5264004,4.794,99.4168,-84.0692,19.355,2.1346903156912846,-38
b28ba99b8d2a,857,1,5,5,,36.3127909,59.5263765,1765444417379,Redmi/24117RN76G,36.3128162,59.5264004,4.794,72.5449,-85.0668,-10.595,2.1346903156912846,-38
b28ba99b8d2a,858,1,5,5,,36.3127909,59.5263765,1765444423452,Redmi/24117RN76G,36.3128118,59.5263954,5.94,192.32,-82.0209,29.3481,2.1346903156912846,-33
b28ba99b8d2a,859,1,5,5,,36.3127909,59.5263765,1765444424465,Redmi/24117RN76G,36.312786,59.5264173,4.407,182.027,-82.1843,14.4378,2.1346903156912846,-33
b28ba99b8d2a,860,1,5,5,,36.3127909,59.5263765,1765444430528,Redmi/24117RN76G,36.312785,59.5264183,3.1,292.663,-86.2707,4.90259,2.1346903156912846,-27
b28ba99b8d2a,861,1,5,5,,36.3127909,59.5263765,1765444431542,Redmi/24117RN76G,36.312785,59.5264183,3.1,319.719,-84.1203,28.9399,2.1346903156912846,-27
b28ba99b8d2a,862,1,5,5,,36.3127909,59.5263765,1765444437605,Redmi/24117RN76G,36.312785,59.5264183,3.15,1.49129,-83.8875,-1.89697,2.1346903156912846,-29
b28ba99b8d2a,863,1,5,5,,36.3127909,59.5263765,1765444438617,Redmi/24117RN76G,36.312785,59.5264183,3.15,92.8108,-80.4738,21.9505,2.1346903156912846,-29
b28ba99b8d2a,864,1,5,5,,36.3127909,59.5263765,1765444444699,Redmi/24117RN76G,36.3128119,59.5263982,2.95,320.545,-82.7361,-9.21966,2.1346903156912846,-27
b28ba99b8d2a,865,1,5,5,,36.3127909,59.5263765,1765444445710,Redmi/24117RN76G,36.3128119,59.5263982,2.95,261.43,-84.1088,-6.42381,2.1346903156912846,-27
b28ba99b8d2a,2493,1,5,5,,36.3128251,59.5263624,1766045932416,HONOR/ALI-NX1,36.3128123,59.5263848,11.411,134.415,-64.4612,8.97981,2.1763093077483635,-45
b28ba99b8d2a,2494,1,5,5,,36.3128251,59.5263624,1766045936450,HONOR/ALI-NX1,36.3127983,59.5263685,11.602,264.681,-88.8202,-160.746,2.1763093077483635,-39
b28ba99b8d2a,2495,1,5,5,,36.3128251,59.5263624,1766045944567,HONOR/ALI-NX1,36.3128428,59.5263762,11.819,116.596,-87.1132,-106.604,2.1763093077483635,-45
b28ba99b8d2a,2496,1,5,5,,36.3128251,59.5263624,1766045952664,HONOR/ALI-NX1,36.3128552,59.5263577,11.951,152.792,-43.4862,-3.68927,2.1763093077483635,-43
b28ba99b8d2a,2497,1,5,5,,36.3128251,59.5263624,1766045960790,HONOR/ALI-NX1,36.3128279,59.5263663,11.838,160.389,-41.7966,7.10396,2.1763093077483635,-43
b28ba99b8d2a,2498,1,5,5,,36.3128251,59.5263624,1766045964830,HONOR/ALI-NX1,36.3127935,59.5264074,11.365,166.152,-42.2555,5.63028,2.1763093077483635,-42
b28ba99b8d2a,2509,1,5,5,,36.3127842,59.526379,1766046039847,HONOR/ALI-NX1,36.3128186,59.526373,12.412,171.803,-28.9966,-3.07549,2.8649607533187496,-31
b28ba99b8d2a,2510,1,5,5,,36.3127842,59.526379,1766046041875,HONOR/ALI-NX1,36.3128087,59.5263798,12.446,239.31,-86.5942,146.828,2.8649607533187496,-38
b28ba99b8d2a,2511,1,5,5,,36.3127842,59.526379,1766046050984,HONOR/ALI-NX1,36.3128132,59.5263933,14.461,221.881,-88.921,-37.6993,2.8649607533187496,-24
b28ba99b8d2a,2512,1,5,5,,36.3127842,59.526379,1766046059074,HONOR/ALI-NX1,36.312822,59.5263883,8.437,184.207,-27.2006,17.827,2.8649607533187496,-31
b28ba99b8d2a,2513,1,5,5,,36.3127842,59.526379,1766046067159,HONOR/ALI-NX1,36.3128034,59.5264193,9.935,155.234,-33.7465,-23.2741,2.8649607533187496,-45
b28ba99b8d2a,2514,1,5,5,,36.3127842,59.526379,1766046075228,HONOR/ALI-NX1,36.3128138,59.5263865,11.538,161.187,-19.2203,-1.59818,2.8649607533187496,-39
b28ba99b8d2a,2488,1,5,5,,36.3128388,59.5263568,1766045894995,HONOR/ALI-NX1,36.3128315,59.5263923,10.816,165.192,-32.598,-1.38788,3.716740772251001,-40
b28ba99b8d2a,2489,1,5,5,,36.3128388,59.5263568,1766045896013,HONOR/ALI-NX1,36.3128315,59.5263923,10.816,75.9975,-87.4173,7.02932,3.716740772251001,-43
b28ba99b8d2a,2490,1,5,5,,36.3128388,59.5263568,1766045903099,HONOR/ALI-NX1,36.3128075,59.5263805,11.705,146.228,-85.6734,-50.6355,3.716740772251001,-43
b28ba99b8d2a,2491,1,5,5,,36.3128388,59.5263568,1766045911199,HONOR/ALI-NX1,36.3129883,59.5262705,11.133,348.498,-83.293,-18.1487,3.716740772251001,-45
b28ba99b8d2a,2492,1,5,5,,36.3128388,59.5263568,1766045920311,HONOR/ALI-NX1,36.3128366,59.526361,11.429,155.896,-51.119,-4.64164,3.716740772251001,-43
b28ba99b8d2a,888,1,5,5,,36.3128409,59.5263559,1765444539922,Redmi/24117RN76G,36.31273,59.5264701,3.55,352.163,-82.2212,14.376,3.957761760865171,-44
b28ba99b8d2a,889,1,5,5,,36.3128409,59.5263559,1765444543971,Redmi/24117RN76G,36.31273,59.5264701,3.55,9.96377,-86.3081,-18.1838,3.957761760865171,-45
b28ba99b8d2a,890,1,5,5,,36.3128409,59.5263559,1765444544978,Redmi/24117RN76G,36.3127108,59.5264798,3.55,19.083,-84.419,-37.0856,3.957761760865171,-45
b28ba99b8d2a,891,1,5,5,,36.3128409,59.5263559,1765444551047,Redmi/24117RN76G,36.3126796,59.5264963,3.6,155.913,-84.0245,31.8963,3.957761760865171,-40
b28ba99b8d2a,892,1,5,5,,36.3128409,59.5263559,1765444552058,Redmi/24117RN76G,36.3126796,59.5264963,3.6,142.442,-84.6184,11.9853,3.957761760865171,-40
b28ba99b8d2a,893,1,5,5,,36.3128409,59.5263559,1765444558118,Redmi/24117RN76G,36.312696,59.5264836,3.6,190.502,-83.5046,2.7575,3.957761760865171,-47
b28ba99b8d2a,894,1,5,5,,36.3128409,59.5263559,1765444559127,Redmi/24117RN76G,36.312696,59.5264836,3.6,219.605,-84.8251,8.63083,3.957761760865171,-47
b28ba99b8d2a,895,1,5,5,,36.3128409,59.5263559,1765444565189,Redmi/24117RN76G,36.3127977,59.5264034,3.2,326.636,-81.867,25.3109,3.957761760865171,-48
b28ba99b8d2a,896,1,5,5,,36.3128409,59.5263559,1765444566199,Redmi/24117RN76G,36.3127977,59.5264034,3.2,359.156,-79.9124,17.6939,3.957761760865171,-48
b28ba99b8d2a,897,1,5,5,,36.3128409,59.5263559,1765444572275,Redmi/24117RN76G,36.3128526,59.5263629,3.333,70.2854,-78.8575,-9.49396,3.957761760865171,-53
b28ba99b8d2a,898,1,5,5,,36.3128409,59.5263559,1765444573283,Redmi/24117RN76G,36.3128526,59.5263629,3.333,101.267,-80.9307,21.6266,3.957761760865171,-53
b28ba99b8d2a,849,1,5,5,,36.3127742,59.5263833,1765444374839,Redmi/24117RN76G,36.3128183,59.5263983,3.1,10.4691,-81.8729,10.6941,4.013590486729944,-35
b28ba99b8d2a,850,1,5,5,,36.3127742,59.5263833,1765444380910,Redmi/24117RN76G,36.3128183,59.5263983,3.05,127.626,-83.5722,32.6663,4.013590486729944,-41
b28ba99b8d2a,851,1,5,5,,36.3127742,59.5263833,1765444381927,Redmi/24117RN76G,36.3128183,59.5263983,3.05,133.092,-84.8173,27.4266,4.013590486729944,-41
b28ba99b8d2a,852,1,5,5,,36.3127742,59.5263833,1765444388010,Redmi/24117RN76G,36.3128183,59.5263983,3.0,187.522,-83.8215,-11.9531,4.013590486729944,-42
b28ba99b8d2a,853,1,5,5,,36.3127742,59.5263833,1765444389022,Redmi/24117RN76G,36.3128183,59.5263983,3.0,244.285,-84.4519,-3.10348,4.013590486729944,-42
b28ba99b8d2a,854,1,5,5,,36.3127742,59.5263833,1765444397118,Redmi/24117RN76G,36.3128695,59.5264016,3.05,13.2689,-81.574,16.0657,4.013590486729944,-40
b28ba99b8d2a,2515,1,5,5,,36.3127739,59.5263831,1766046246700,HONOR/ALI-NX1,36.3128009,59.5263693,6.585,154.826,-41.2593,1.94054,4.033819698930355,-34
b28ba99b8d2a,2516,1,5,5,,36.3127739,59.5263831,1766046247706,HONOR/ALI-NX1,36.3127956,59.5263668,6.801,156.522,-76.1629,-10.9193,4.033819698930355,-45
b28ba99b8d2a,2517,1,5,5,,36.3127739,59.5263831,1766046255785,HONOR/ALI-NX1,36.3127994,59.5264209,5.843,9.8453,-83.7458,2.39262,4.033819698930355,-41
b28ba99b8d2a,2518,1,5,5,,36.3127739,59.5263831,1766046259825,HONOR/ALI-NX1,36.3127994,59.5264209,5.843,315.19,-80.6823,20.0951,4.033819698930355,-35
b28ba99b8d2a,2519,1,5,5,,36.3127739,59.5263831,1766046263894,HONOR/ALI-NX1,36.3128032,59.5264167,5.652,160.887,-43.9329,-6.53528,4.033819698930355,-39
b28ba99b8d2a,2483,1,5,5,,36.3128524,59.5263513,1766045861551,HONOR/ALI-NX1,36.3128854,59.5264692,11.736,151.436,-56.9113,0.401233,5.282523135143933,-47
b28ba99b8d2a,2484,1,5,5,,36.3128524,59.5263513,1766045862557,HONOR/ALI-NX1,36.3128854,59.5264692,11.736,87.8487,-87.945,13.4794,5.282523135143933,-43
b28ba99b8d2a,2485,1,5,5,,36.3128524,59.5263513,1766045870664,HONOR/ALI-NX1,36.3128436,59.5263849,10.922,31.62,-88.3966,105.41,5.282523135143933,-46
b28ba99b8d2a,2486,1,5,5,,36.3128524,59.5263513,1766045878779,HONOR/ALI-NX1,36.312808,59.5263849,11.424,303.972,-51.6577,2.49237,5.282523135143933,-48
b28ba99b8d2a,2487,1,5,5,,36.3128524,59.5263513,1766045887906,HONOR/ALI-NX1,36.3129389,59.5264211,12.273,154.564,-45.0593,-4.44261,5.282523135143933,-40
b28ba99b8d2a,899,1,5,5,,36.3128576,59.526349,1765444581380,Redmi/24117RN76G,36.3128545,59.5263847,3.633,351.575,-80.4011,8.6773,5.887940790573995,-46
b28ba99b8d2a,900,1,5,5,,36.3128576,59.526349,1765444588462,Redmi/24117RN76G,36.3128917,59.5263979,3.733,41.2474,-86.5708,-25.4747,5.887940790573995,-49
b28ba99b8d2a,901,1,5,5,,36.3128576,59.526349,1765444589476,Redmi/24117RN76G,36.3129778,59.5263773,3.766,144.498,-85.6278,53.1793,5.887940790573995,-49
b28ba99b8d2a,902,1,5,5,,36.3128576,59.526349,1765444593520,Redmi/24117RN76G,36.3129778,59.5263773,3.766,160.986,-84.0562,25.1711,5.887940790573995,-52
b28ba99b8d2a,903,1,5,5,,36.3128576,59.526349,1765444594534,Redmi/24117RN76G,36.3130214,59.5263718,3.733,174.546,-81.4417,37.0359,5.887940790573995,-52
b28ba99b8d2a,904,1,5,5,,36.3128576,59.526349,1765444600632,Redmi/24117RN76G,36.313001,59.52637,3.733,186.886,-82.9842,8.75209,5.887940790573995,-49
b28ba99b8d2a,905,1,5,5,,36.3128576,59.526349,1765444601645,Redmi/24117RN76G,36.313001,59.52637,3.733,185.007,-82.7523,-5.05813,5.887940790573995,-49
b28ba99b8d2a,906,1,5,5,,36.3128576,59.526349,1765444607729,Redmi/24117RN76G,36.3129777,59.5263668,3.55,299.191,-83.5795,45.4134,5.887940790573995,-53
b28ba99b8d2a,907,1,5,5,,36.3128576,59.526349,1765444608740,Redmi/24117RN76G,36.3129777,59.5263668,3.55,299.135,-84.9801,42.9422,5.887940790573995,-53
b28ba99b8d2a,908,1,5,5,,36.3128576,59.526349,1765444614830,Redmi/24117RN76G,36.3130733,59.5262897,4.5,344.822,-82.5576,12.5889,5.887940790573995,-56
b28ba99b8d2a,909,1,5,5,,36.3128576,59.526349,1765444615843,Redmi/24117RN76G,36.3130733,59.5262897,4.5,23.251,-82.7686,13.7669,5.887940790573995,-56
b28ba99b8d2a,2478,1,5,5,,36.312866,59.5263458,1766045826093,HONOR/ALI-NX1,36.3128224,59.5263898,13.002,164.653,-34.2787,-2.14486,6.859697750963675,-46
b28ba99b8d2a,2479,1,5,5,,36.312866,59.5263458,1766045833187,HONOR/ALI-NX1,36.3128384,59.5264212,11.477,104.203,-87.3382,0.259746,6.859697750963675,-54
b28ba99b8d2a,2480,1,5,5,,36.312866,59.5263458,1766045841278,HONOR/ALI-NX1,36.3128961,59.5263416,13.912,345.751,-86.6199,55.4338,6.859697750963675,-52
b28ba99b8d2a,2481,1,5,5,,36.312866,59.5263458,1766045845324,HONOR/ALI-NX1,36.3128961,59.5263416,13.912,349.139,-84.099,-24.7339,6.859697750963675,-51
b28ba99b8d2a,2482,1,5,5,,36.312866,59.5263458,1766045854443,HONOR/ALI-NX1,36.3128554,59.5263604,13.596,167.59,-50.0458,-2.17169,6.859697750963675,-47
b28ba99b8d2a,910,1,5,5,,36.3128742,59.5263421,1765444624975,Redmi/24117RN76G,36.312837,59.5263467,4.05,2.16255,-84.3211,11.0691,7.820674954842483,-47
b28ba99b8d2a,911,1,5,5,,36.3128742,59.5263421,1765444629006,Redmi/24117RN76G,36.312837,59.5263467,4.05,27.8241,-84.4408,-25.5498,7.820674954842483,-51
b28ba99b8d2a,912,1,5,5,,36.3128742,59.5263421,1765444630022,Redmi/24117RN76G,36.3128807,59.5262809,3.65,71.3057,-85.9135,5.55848,7.820674954842483,-51
b28ba99b8d2a,913,1,5,5,,36.3128742,59.5263421,1765444636114,Redmi/24117RN76G,36.3128735,59.5263009,3.2,81.0513,-78.741,7.418,7.820674954842483,-57
b28ba99b8d2a,914,1,5,5,,36.3128742,59.5263421,1765444637147,Redmi/24117RN76G,36.3128735,59.5263009,3.2,83.7881,-78.8873,6.90514,7.820674954842483,-57
b28ba99b8d2a,915,1,5,5,,36.3128742,59.5263421,1765444643231,Redmi/24117RN76G,36.3128669,59.5263288,3.05,87.6308,-86.2887,14.5242,7.820674954842483,-53
b28ba99b8d2a,916,1,5,5,,36.3128742,59.5263421,1765444644274,Redmi/24117RN76G,36.3128586,59.5263619,3.0,72.6733,-86.666,-0.980719,7.820674954842483,-53
b28ba99b8d2a,917,1,5,5,,36.3128742,59.5263421,1765444652406,Redmi/24117RN76G,36.3128583,59.5263633,2.966,175.052,-80.6492,20.4898,7.820674954842483,-48
b28ba99b8d2a,918,1,5,5,,36.3128742,59.5263421,1765444653419,Redmi/24117RN76G,36.3128583,59.5263633,2.966,170.39,-81.9971,9.85965,7.820674954842483,-48
b28ba99b8d2a,919,1,5,5,,36.3128742,59.5263421,1765444657470,Redmi/24117RN76G,36.3129037,59.5263633,2.95,191.485,-84.2613,-10.944,7.820674954842483,-56
b28ba99b8d2a,920,1,5,5,,36.3128742,59.5263421,1765444658476,Redmi/24117RN76G,36.3129037,59.5263633,2.95,190.722,-84.1227,-12.0212,7.820674954842483,-56
b28ba99b8d2a,921,1,5,5,,36.3128742,59.5263421,1765444664539,Redmi/24117RN76G,36.3129262,59.5263534,3.0,289.6,-84.3999,16.0849,7.820674954842483,-58
b28ba99b8d2a,922,1,5,5,,36.3128742,59.5263421,1765444665548,Redmi/24117RN76G,36.3129262,59.5263534,3.0,315.425,-82.7532,16.4126,7.820674954842483,-58
b28ba99b8d2a,2473,1,5,5,,36.3128797,59.5263402,1766045787585,HONOR/ALI-NX1,36.3128567,59.5263586,12.963,136.743,-58.9509,6.70012,8.45470817323036,-50
b28ba99b8d2a,2474,1,5,5,,36.3128797,59.5263402,1766045791639,HONOR/ALI-NX1,36.3128825,59.5263394,7.158,222.069,-89.0414,133.286,8.45470817323036,-58
b28ba99b8d2a,2475,1,5,5,,36.3128797,59.5263402,1766045799758,HONOR/ALI-NX1,36.3129041,59.5263626,12.217,290.804,-86.1145,22.817,8.45470817323036,-51
b28ba99b8d2a,2476,1,5,5,,36.3128797,59.5263402,1766045807845,HONOR/ALI-NX1,36.3128368,59.5263747,12.326,205.377,-48.8497,1.49706,8.45470817323036,-53
b28ba99b8d2a,2477,1,5,5,,36.3128797,59.5263402,1766045815944,HONOR/ALI-NX1,36.3129173,59.5263142,15.43,161.94,-44.3267,0.200104,8.45470817323036,-51
b28ba99b8d2a,923,1,5,5,,36.3128909,59.5263353,1765444679766,Redmi/24117RN76G,36.31292,59.5263333,2.866,1.15894,-81.7304,15.5371,9.767606198720737,-63
b28ba99b8d2a,924,1,5,5,,36.3128909,59.5263353,1765444685829,Redmi/24117RN76G,36.3129054,59.5263606,3.1,26.891,-83.0251,12.9232,9.767606198720737,-59
b28ba99b8d2a,925,1,5,5,,36.3128909,59.5263353,1765444686844,Redmi/24117RN76G,36.3129054,59.5263606,3.1,29.8996,-83.5796,14.1181,9.767606198720737,-59
b28ba99b8d2a,926,1,5,5,,36.3128909,59.5263353,1765444692918,Redmi/24117RN76G,36.3128448,59.526392,3.25,119.824,-83.1962,26.0461,9.767606198720737,-52
b28ba99b8d2a,927,1,5,5,,36.3128909,59.5263353,1765444693928,Redmi/24117RN76G,36.3128448,59.526392,3.25,122.864,-84.6339,30.3608,9.767606198720737,-52
b28ba99b8d2a,928,1,5,5,,36.3128909,59.5263353,1765444699991,Redmi/24117RN76G,36.3128017,59.5263871,3.3,155.85,-80.9395,15.3771,9.767606198720737,-49
b28ba99b8d2a,929,1,5,5,,36.3128909,59.5263353,1765444701000,Redmi/24117RN76G,36.3128017,59.5263871,3.3,155.454,-80.0967,1.16214,9.767606198720737,-49
b28ba99b8d2a,930,1,5,5,,36.3128909,59.5263353,1765444707068,Redmi/24117RN76G,36.3128033,59.5263867,3.3,177.77,-80.5399,-33.2941,9.767606198720737,-53
b28ba99b8d2a,931,1,5,5,,36.3128909,59.5263353,1765444708077,Redmi/24117RN76G,36.3128033,59.5263867,3.3,268.155,-79.0219,15.6747,9.767606198720737,-53
b28ba99b8d2a,932,1,5,5,,36.3128909,59.5263353,1765444716166,Redmi/24117RN76G,36.3128879,59.5263374,3.25,339.088,-83.856,56.3216,9.767606198720737,-54
b28ba99b8d2a,933,1,5,5,,36.3128909,59.5263353,1765444717181,Redmi/24117RN76G,36.3128879,59.5263374,3.25,313.392,-80.7694,25.5374,9.767606198720737,-54
b28ba99b8d2a,934,1,5,5,,36.3128909,59.5263353,1765444721263,Redmi/24117RN76G,36.312901,59.5263199,3.15,338.487,-80.5724,27.1918,9.767606198720737,-58
b28ba99b8d2a,935,1,5,5,,36.3128909,59.5263353,1765444722274,Redmi/24117RN76G,36.312901,59.5263199,3.15,341.007,-80.0521,9.34775,9.767606198720737,-58
b28ba99b8d2a,2468,1,5,5,,36.3128933,59.5263347,1766045750132,HONOR/ALI-NX1,36.3129146,59.5263331,7.543,166.916,-20.3664,12.0072,10.03962059668485,-48
b28ba99b8d2a,2469,1,5,5,,36.3128933,59.5263347,1766045751140,HONOR/ALI-NX1,36.3129146,59.5263331,7.543,274.615,-85.5369,164.541,10.03962059668485,-49
b28ba99b8d2a,2470,1,5,5,,36.3128933,59.5263347,1766045759240,HONOR/ALI-NX1,36.3128997,59.5263372,6.251,306.676,-89.335,27.9124,10.03962059668485,-50
b28ba99b8d2a,2471,1,5,5,,36.3128933,59.5263347,1766045767341,HONOR/ALI-NX1,36.3128853,59.5263352,6.04,302.051,-87.2371,-83.6696,10.03962059668485,-55
b28ba99b8d2a,2472,1,5,5,,36.3128933,59.5263347,1766045775444,HONOR/ALI-NX1,36.312955,59.5263154,13.602,30.1405,-84.7826,-20.5593,10.03962059668485,-54
b28ba99b8d2a,2463,1,5,5,,36.312907,59.5263292,1766045712681,HONOR/ALI-NX1,36.3129056,59.5263147,10.673,171.748,-54.0842,-0.551155,11.636843246901067,-55
b28ba99b8d2a,2464,1,5,5,,36.312907,59.5263292,1766045720767,HONOR/ALI-NX1,36.3129202,59.5262901,14.113,115.651,-87.2818,-108.144,11.636843246901067,-47
b28ba99b8d2a,2465,1,5,5,,36.312907,59.5263292,1766045724804,HONOR/ALI-NX1,36.3129163,59.5263428,14.089,161.303,-83.3547,21.6446,11.636843246901067,-46
b28ba99b8d2a,2466,1,5,5,,36.312907,59.5263292,1766045733944,HONOR/ALI-NX1,36.3129544,59.5262906,13.957,163.298,-32.6484,-7.02771,11.636843246901067,-59
b28ba99b8d2a,2467,1,5,5,,36.312907,59.5263292,1766045742048,HONOR/ALI-NX1,36.3129036,59.5264702,12.665,165.362,-38.1079,-2.09929,11.636843246901067,-48
b28ba99b8d2a,936,1,5,5,,36.3129076,59.5263284,1765444732402,Redmi/24117RN76G,36.3128566,59.5263342,3.133,353.761,-80.1876,3.59068,11.719247506133833,-58
b28ba99b8d2a,937,1,5,5,,36.3129076,59.5263284,1765444735436,Redmi/24117RN76G,36.3128582,59.5263525,3.266,31.3886,-80.9444,0.624288,11.719247506133833,-59
b28ba99b8d2a,938,1,5,5,,36.3129076,59.5263284,1765444736447,Redmi/24117RN76G,36.3128582,59.5263525,3.266,32.4885,-80.1651,-1.31088,11.719247506133833,-59
b28ba99b8d2a,939,1,5,5,,36.3129076,59.5263284,1765444742523,Redmi/24117RN76G,36.3128794,59.5263054,3.4,131.831,-85.3543,33.8611,11.719247506133833,-58
b28ba99b8d2a,940,1,5,5,,36.3129076,59.5263284,1765444743537,Redmi/24117RN76G,36.3128794,59.5263054,3.4,145.761,-83.1422,32.3837,11.719247506133833,-58
b28ba99b8d2a,941,1,5,5,,36.3129076,59.5263284,1765444749616,Redmi/24117RN76G,36.3128586,59.5262866,3.4,173.739,-81.389,22.0619,11.719247506133833,-50
b28ba99b8d2a,942,1,5,5,,36.3129076,59.5263284,1765444750631,Redmi/24117RN76G,36.3128586,59.5262866,3.4,156.861,-82.2521,-0.460306,11.719247506133833,-50
b28ba99b8d2a,943,1,5,5,,36.3129076,59.5263284,1765444756692,Redmi/24117RN76G,36.3129471,59.5262724,3.133,201.506,-81.6995,-16.2187,11.719247506133833,-59
b28ba99b8d2a,944,1,5,5,,36.3129076,59.5263284,1765444757705,Redmi/24117RN76G,36.3129471,59.5262724,3.133,241.55,-84.6393,9.34805,11.719247506133833,-59
b28ba99b8d2a,945,1,5,5,,36.3129076,59.5263284,1765444763771,Redmi/24117RN76G,36.3129565,59.526278,2.966,340.839,-79.3604,11.2504,11.719247506133833,-62
b28ba99b8d2a,946,1,5,5,,36.3129076,59.5263284,1765444764794,Redmi/24117RN76G,36.3129664,59.5263038,3.033,331.214,-79.8388,0.640111,11.719247506133833,-62
b28ba99b8d2a,2458,1,5,5,,36.3129206,59.5263236,1766045678250,HONOR/ALI-NX1,36.3129226,59.5263399,13.003,160.216,-60.646,-5.23788,13.226519505678016,-47
b28ba99b8d2a,2459,1,5,5,,36.3129206,59.5263236,1766045679260,HONOR/ALI-NX1,36.3129226,59.5263399,13.003,135.415,-84.8278,7.59918,13.226519505678016,-53
b28ba99b8d2a,2460,1,5,5,,36.3129206,59.5263236,1766045688375,HONOR/ALI-NX1,36.3129172,59.5263178,14.641,332.13,-83.6386,13.5277,13.226519505678016,-58
b28ba99b8d2a,2461,1,5,5,,36.3129206,59.5263236,1766045696470,HONOR/ALI-NX1,36.3129069,59.5263579,15.818,15.937,-87.1435,-46.2033,13.226519505678016,-58
b28ba99b8d2a,2462,1,5,5,,36.3129206,59.5263236,1766045704583,HONOR/ALI-NX1,36.3129737,59.5263053,15.806,160.741,-37.7447,-2.65518,13.226519505678016,-46
b28ba99b8d2a,947,1,5,5,,36.3129243,59.5263215,1765444776964,Redmi/24117RN76G,36.3129417,59.526315,3.35,356.951,-77.0396,8.83552,13.672468875172077,-61
b28ba99b8d2a,948,1,5,5,,36.3129243,59.5263215,1765444780000,Redmi/24117RN76G,36.3129838,59.5263662,3.15,0.961995,-79.977,2.90207,13.672468875172077,-56
b28ba99b8d2a,949,1,5,5,,36.3129243,59.5263215,1765444781013,Redmi/24117RN76G,36.3129838,59.5263662,3.15,15.022,-80.3047,3.11047,13.672468875172077,-56
b28ba99b8d2a,950,1,5,5,,36.3129243,59.5263215,1765444785067,Redmi/24117RN76G,36.3130013,59.5263571,3.1,87.5851,-83.6231,4.04529,13.672468875172077,-59
b28ba99b8d2a,951,1,5,5,,36.3129243,59.5263215,1765444786077,Redmi/24117RN76G,36.3130013,59.5263571,3.1,79.9222,-83.1135,-4.98856,13.672468875172077,-59
b28ba99b8d2a,952,1,5,5,,36.3129243,59.5263215,1765444792150,Redmi/24117RN76G,36.3130017,59.5263567,3.166,150.731,-81.0305,4.85961,13.672468875172077,-51
b28ba99b8d2a,953,1,5,5,,36.3129243,59.5263215,1765444793182,Redmi/24117RN76G,36.3130017,59.5263567,3.166,153.465,-81.398,6.41392,13.672468875172077,-51
b28ba99b8d2a,954,1,5,5,,36.3129243,59.5263215,1765444799276,Redmi/24117RN76G,36.3129131,59.5263141,3.266,160.268,-79.7844,-11.5821,13.672468875172077,-57
b28ba99b8d2a,955,1,5,5,,36.3129243,59.5263215,1765444800287,Redmi/24117RN76G,36.3129131,59.5263141,3.266,196.028,-81.4066,-12.1172,13.672468875172077,-57
b28ba99b8d2a,956,1,5,5,,36.3129243,59.5263215,1765444806369,Redmi/24117RN76G,36.3128972,59.526291,3.266,301.117,-81.7891,13.611,13.672468875172077,-61
b28ba99b8d2a,957,1,5,5,,36.3129243,59.5263215,1765444807383,Redmi/24117RN76G,36.3128972,59.526291,3.266,326.309,-80.7864,14.4397,13.672468875172077,-61
b28ba99b8d2a,958,1,5,5,,36.3129243,59.5263215,1765444813455,Redmi/24117RN76G,36.3128951,59.526298,3.366,33.7821,-66.8991,-0.402976,13.672468875172077,-56
b28ba99b8d2a,959,1,5,5,,36.3129243,59.5263215,1765444814466,Redmi/24117RN76G,36.3128869,59.5263079,3.233,346.302,-78.281,-7.35656,13.672468875172077,-56
b28ba99b8d2a,960,1,5,5,,36.3129243,59.5263215,1765444820555,Redmi/24117RN76G,36.3128867,59.5263083,3.066,327.63,-69.6551,27.8079,13.672468875172077,-56
b28ba99b8d2a,961,1,5,5,,36.3129243,59.5263215,1765444821567,Redmi/24117RN76G,36.3128867,59.5263083,3.066,326.818,-65.6727,43.907,13.672468875172077,-56
b28ba99b8d2a,2453,1,5,5,,36.3129343,59.5263181,1766045644858,HONOR/ALI-NX1,36.3129692,59.5263321,9.747,158.164,-53.5892,-3.21323,14.825382077542713,-57
b28ba99b8d2a,2454,1,5,5,,36.3129343,59.5263181,1766045652952,HONOR/ALI-NX1,36.3129574,59.5263299,8.255,209.651,-79.1441,95.3504,14.825382077542713,-52
b28ba99b8d2a,2455,1,5,5,,36.3129343,59.5263181,1766045656999,HONOR/ALI-NX1,36.3129404,59.5263428,8.459,301.817,-84.4916,-161.878,14.825382077542713,-54
b28ba99b8d2a,2456,1,5,5,,36.3129343,59.5263181,1766045663061,HONOR/ALI-NX1,36.3129368,59.5263409,7.72,344.367,-82.0641,-18.8744,14.825382077542713,-61
b28ba99b8d2a,2457,1,5,5,,36.3129343,59.5263181,1766045671161,HONOR/ALI-NX1,36.3129405,59.526378,9.935,130.472,-85.5087,-82.0203,14.825382077542713,-47
b28ba99b8d2a,962,1,5,5,,36.3129409,59.5263147,1765444841888,Redmi/24117RN76G,36.3128742,59.5262001,3.817,6.70759,-78.8342,15.88,15.613572548687307,-64
b28ba99b8d2a,963,1,5,5,,36.3129409,59.5263147,1765444843905,Redmi/24117RN76G,36.3128742,59.5262001,3.817,51.5478,-81.2785,9.57922,15.613572548687307,-62
b28ba99b8d2a,964,1,5,5,,36.3129409,59.5263147,1765444844917,Redmi/24117RN76G,36.3128755,59.5262117,4.199,35.4485,-81.9829,-2.74072,15.613572548687307,-62
b28ba99b8d2a,965,1,5,5,,36.3129409,59.5263147,1765444848951,Redmi/24117RN76G,36.3128755,59.5262117,4.199,78.8834,-82.0198,-25.7063,15.613572548687307,-58
b28ba99b8d2a,966,1,5,5,,36.3129409,59.5263147,1765444849961,Redmi/24117RN76G,36.3128727,59.5262336,4.469,133.092,-81.6685,7.67298,15.613572548687307,-58
b28ba99b8d2a,967,1,5,5,,36.3129409,59.5263147,1765444856049,Redmi/24117RN76G,36.3129171,59.5263268,4.208,155.482,-79.8702,4.36101,15.613572548687307,-57
b28ba99b8d2a,968,1,5,5,,36.3129409,59.5263147,1765444857060,Redmi/24117RN76G,36.3129171,59.5263268,4.208,159.56,-80.6344,9.22133,15.613572548687307,-57
b28ba99b8d2a,969,1,5,5,,36.3129409,59.5263147,1765444863139,Redmi/24117RN76G,36.3129199,59.526333,2.9,167.552,-81.1807,-7.028,15.613572548687307,-54
b28ba99b8d2a,970,1,5,5,,36.3129409,59.5263147,1765444864144,Redmi/24117RN76G,36.3129199,59.526333,2.9,173.832,-80.3267,-4.59641,15.613572548687307,-54
b28ba99b8d2a,971,1,5,5,,36.3129409,59.5263147,1765444870196,Redmi/24117RN76G,36.31292,59.5263333,2.766,248.053,-86.9697,1.49244,15.613572548687307,-65
b28ba99b8d2a,972,1,5,5,,36.3129409,59.5263147,1765444871206,Redmi/24117RN76G,36.31292,59.5263333,2.766,315.775,-83.5351,17.9389,15.613572548687307,-65
b28ba99b8d2a,973,1,5,5,,36.3129409,59.5263147,1765444877291,Redmi/24117RN76G,36.31292,59.5263333,2.8,339.809,-87.6776,-25.25,15.613572548687307,-63
b28ba99b8d2a,974,1,5,5,,36.3129409,59.5263147,1765444878301,Redmi/24117RN76G,36.31292,59.5263333,2.8,357.149,-81.2464,5.20081,15.613572548687307,-63
b28ba99b8d2a,2448,1,5,5,,36.3129479,59.5263126,1766045609437,HONOR/ALI-NX1,36.3129609,59.5263169,10.12,129.514,-64.3969,5.67095,16.413957134684992,-50
b28ba99b8d2a,2449,1,5,5,,36.3129479,59.5263126,1766045611457,HONOR/ALI-NX1,36.3129271,59.5263079,10.318,238.059,-87.7633,134.671,16.413957134684992,-52
b28ba99b8d2a,2450,1,5,5,,36.3129479,59.5263126,1766045619561,HONOR/ALI-NX1,36.3129055,59.5262944,16.122,136.76,-88.9465,-120.801,16.413957134684992,-58
b28ba99b8d2a,2451,1,5,5,,36.3129479,59.5263126,1766045627641,HONOR/ALI-NX1,36.3130609,59.5263298,15.914,198.605,-37.2068,-2.81964,16.413957134684992,-63
b28ba99b8d2a,2452,1,5,5,,36.3129479,59.5263126,1766045635737,HONOR/ALI-NX1,36.3130037,59.5263041,13.973,149.04,-42.0705,-5.92656,16.413957134684992,-55
b28ba99b8d2a,975,1,5,5,,36.3129576,59.5263078,1765444892438,Redmi/24117RN76G,36.31292,59.5263333,2.866,9.28034,-78.6959,15.0143,17.568407361765413,-56
b28ba99b8d2a,976,1,5,5,,36.3129576,59.5263078,1765444898499,Redmi/24117RN76G,36.3129942,59.526327,2.833,68.1157,-82.38,1.04743,17.568407361765413,-57
b28ba99b8d2a,977,1,5,5,,36.3129576,59.5263078,1765444899504,Redmi/24117RN76G,36.3129918,59.5263251,2.933,74.7514,-85.4528,12.3115,17.568407361765413,-57
b28ba99b8d2a,978,1,5,5,,36.3129576,59.5263078,1765444907568,Redmi/24117RN76G,36.3129917,59.526325,2.933,166.363,-82.3463,20.5501,17.568407361765413,-62
b28ba99b8d2a,979,1,5,5,,36.3129576,59.5263078,1765444908576,Redmi/24117RN76G,36.3129917,59.526325,2.933,164.752,-80.3471,20.2213,17.568407361765413,-62
b28ba99b8d2a,980,1,5,5,,36.3129576,59.5263078,1765444912630,Redmi/24117RN76G,36.3129917,59.526325,2.85,166.016,-78.4386,6.18976,17.568407361765413,-53
b28ba99b8d2a,981,1,5,5,,36.3129576,59.5263078,1765444913643,Redmi/24117RN76G,36.3129917,59.526325,2.85,158.054,-78.1864,-3.10023,17.568407361765413,-53
b28ba99b8d2a,982,1,5,5,,36.3129576,59.5263078,1765444919719,Redmi/24117RN76G,36.3129143,59.5263266,3.033,200.515,-82.5646,-5.70473,17.568407361765413,-58
b28ba99b8d2a,983,1,5,5,,36.3129576,59.5263078,1765444920737,Redmi/24117RN76G,36.3129143,59.5263266,3.033,231.57,-82.1507,-7.84701,17.568407361765413,-58
b28ba99b8d2a,984,1,5,5,,36.3129576,59.5263078,1765444926787,Redmi/24117RN76G,36.3129117,59.5263267,3.066,318.8,-83.147,-0.392912,17.568407361765413,-64
b28ba99b8d2a,985,1,5,5,,36.3129576,59.5263078,1765444927801,Redmi/24117RN76G,36.3129117,59.5263267,3.066,337.648,-80.7516,11.277,17.568407361765413,-64
b28ba99b8d2a,986,1,5,5,,36.3129576,59.5263078,1765444933874,Redmi/24117RN76G,36.3129117,59.5263267,3.033,4.4841,-76.886,6.07066,17.568407361765413,-58
b28ba99b8d2a,2443,1,5,5,,36.3129616,59.526307,1766045569932,HONOR/ALI-NX1,36.3129501,59.5262976,14.533,167.275,-41.6217,-1.61758,18.015995438269595,-60
b28ba99b8d2a,2444,1,5,5,,36.3129616,59.526307,1766045571958,HONOR/ALI-NX1,36.3128915,59.526281,12.625,149.011,-84.0746,-10.6387,18.015995438269595,-57
b28ba99b8d2a,2445,1,5,5,,36.3129616,59.526307,1766045580063,HONOR/ALI-NX1,36.3129655,59.5263066,12.253,351.329,-85.5693,-29.3792,18.015995438269595,-65
b28ba99b8d2a,2446,1,5,5,,36.3129616,59.526307,1766045589172,HONOR/ALI-NX1,36.3129271,59.5263065,13.361,159.619,-85.1424,-36.8347,18.015995438269595,-65
b28ba99b8d2a,2447,1,5,5,,36.3129616,59.526307,1766045597277,HONOR/ALI-NX1,36.3130807,59.5262723,12.013,171.627,-46.3476,0.122607,18.015995438269595,-51
b28ba99b8d2a,987,1,5,5,,36.3129743,59.5263009,1765444950147,Redmi/24117RN76G,36.3129754,59.5263029,7.403,347.149,-81.145,4.76455,19.523709613875806,-63
b28ba99b8d2a,988,1,5,5,,36.3129743,59.5263009,1765444955194,Redmi/24117RN76G,36.3129766,59.5263179,14.551,104.975,-83.9236,22.0038,19.523709613875806,-60
b28ba99b8d2a,989,1,5,5,,36.3129743,59.5263009,1765444956255,Redmi/24117RN76G,36.3129766,59.5263179,14.551,90.6016,-84.4187,-0.357976,19.523709613875806,-60
b28ba99b8d2a,990,1,5,5,,36.3129743,59.5263009,1765444962346,Redmi/24117RN76G,36.3129596,59.5263288,7.54,156.804,-78.1949,13.1917,19.523709613875806,-57
b28ba99b8d2a,991,1,5,5,,36.3129743,59.5263009,1765444963354,Redmi/24117RN76G,36.3129596,59.5263288,7.54,150.59,-77.7987,8.73665,19.523709613875806,-57
b28ba99b8d2a,992,1,5,5,,36.3129743,59.5263009,1765444971435,Redmi/24117RN76G,36.3129671,59.5263168,5.565,174.195,-83.0231,-1.98145,19.523709613875806,-61
b28ba99b8d2a,993,1,5,5,,36.3129743,59.5263009,1765444972460,Redmi/24117RN76G,36.3129671,59.5263168,5.565,177.947,-83.1634,-0.059723,19.523709613875806,-61
b28ba99b8d2a,994,1,5,5,,36.3129743,59.5263009,1765444976510,Redmi/24117RN76G,36.3129844,59.5262792,4.663,236.4,-83.9171,13.2,19.523709613875806,-62
b28ba99b8d2a,995,1,5,5,,36.3129743,59.5263009,1765444977526,Redmi/24117RN76G,36.3129844,59.5262792,4.663,253.195,-83.9658,-8.70296,19.523709613875806,-62
b28ba99b8d2a,996,1,5,5,,36.3129743,59.5263009,1765444983594,Redmi/24117RN76G,36.3129704,59.5262656,3.966,7.83503,-66.0053,-18.9662,19.523709613875806,-62
b28ba99b8d2a,997,1,5,5,,36.3129743,59.5263009,1765444984613,Redmi/24117RN76G,36.3129749,59.5262602,4.366,13.2488,-81.0307,6.483,19.523709613875806,-62
b28ba99b8d2a,2438,1,5,5,,36.3129752,59.5263015,1766045535476,HONOR/ALI-NX1,36.3129549,59.5263885,16.809,166.847,-53.123,3.39917,19.605193508367183,-58
b28ba99b8d2a,2439,1,5,5,,36.3129752,59.5263015,1766045542574,HONOR/ALI-NX1,36.3131385,59.5263499,10.371,305.275,-87.3112,-86.1071,19.605193508367183,-65
b28ba99b8d2a,2440,1,5,5,,36.3129752,59.5263015,1766045546611,HONOR/ALI-NX1,36.3130233,59.5263111,13.456,319.453,-84.9713,11.0356,19.605193508367183,-60
b28ba99b8d2a,2441,1,5,5,,36.3129752,59.5263015,1766045555728,HONOR/ALI-NX1,36.3129837,59.5263053,14.216,179.003,-37.2122,-1.7843,19.605193508367183,-55
b28ba99b8d2a,2442,1,5,5,,36.3129752,59.5263015,1766045563854,HONOR/ALI-NX1,36.312943,59.5263464,13.751,154.785,-44.9309,0.314723,19.605193508367183,-60
b28ba99b8d2a,2433,1,5,5,,36.3129888,59.526296,1766045493952,HONOR/ALI-NX1,36.3130251,59.5262306,13.045,158.963,-50.781,-1.95019,21.194589992472505,-52
b28ba99b8d2a,2434,1,5,5,,36.3129888,59.526296,1766045503046,HONOR/ALI-NX1,36.3130058,59.5263807,10.28,287.813,-87.4059,-110.782,21.194589992472505,-59
b28ba99b8d2a,2435,1,5,5,,36.3129888,59.526296,1766045511139,HONOR/ALI-NX1,36.3130189,59.5262878,11.513,136.019,-85.9571,-101.006,21.194589992472505,-68
b28ba99b8d2a,2436,1,5,5,,36.3129888,59.526296,1766045519234,HONOR/ALI-NX1,36.3130348,59.5263038,11.513,163.46,-48.1768,-1.99586,21.194589992472505,-63
b28ba99b8d2a,2437,1,5,5,,36.3129888,59.526296,1766045527352,HONOR/ALI-NX1,36.3129924,59.5263659,10.965,163.86,-48.3658,1.03148,21.194589992472505,-63
b28ba99b8d2a,998,1,5,5,,36.3129909,59.5262941,1765444991727,Redmi/24117RN76G,36.3129425,59.5262982,5.033,346.058,-82.2773,-2.2886,21.466169096615694,-65
b28ba99b8d2a,999,1,5,5,,36.3129909,59.5262941,1765444997818,Redmi/24117RN76G,36.3129645,59.5263016,4.8,338.861,-82.4853,-6.51689,21.466169096615694,-61
b28ba99b8d2a,1000,1,5,5,,36.3129909,59.5262941,1765444998828,Redmi/24117RN76G,36.3129645,59.5263016,4.8,1.82158,-82.9558,12.4937,21.466169096615694,-61
b28ba99b8d2a,1001,1,5,5,,36.3129909,59.5262941,1765445004911,Redmi/24117RN76G,36.3129181,59.5262794,3.633,127.14,-86.386,33.8231,21.466169096615694,-66
b28ba99b8d2a,1002,1,5,5,,36.3129909,59.5262941,1765445005920,Redmi/24117RN76G,36.3129181,59.5262794,3.633,126.04,-85.2625,34.1892,21.466169096615694,-66
b28ba99b8d2a,1003,1,5,5,,36.3129909,59.5262941,1765445011982,Redmi/24117RN76G,36.3129457,59.526272,3.433,150.146,-80.1068,5.43536,21.466169096615694,-59
b28ba99b8d2a,1004,1,5,5,,36.3129909,59.5262941,1765445012993,Redmi/24117RN76G,36.3129457,59.526272,3.433,165.442,-80.0248,12.4073,21.466169096615694,-59
b28ba99b8d2a,1005,1,5,5,,36.3129909,59.5262941,1765445019067,Redmi/24117RN76G,36.3129676,59.5262717,3.3,162.416,-80.8102,9.51146,21.466169096615694,-62
b28ba99b8d2a,1006,1,5,5,,36.3129909,59.5262941,1765445020078,Redmi/24117RN76G,36.3129683,59.5262717,3.266,144.706,-81.5825,-11.9264,21.466169096615694,-62
b28ba99b8d2a,1007,1,5,5,,36.3129909,59.5262941,1765445026141,Redmi/24117RN76G,36.3129683,59.5262717,3.133,200.506,-84.1622,-7.83952,21.466169096615694,-62
b28ba99b8d2a,1008,1,5,5,,36.3129909,59.5262941,1765445027151,Redmi/24117RN76G,36.3129683,59.5262717,3.133,261.316,-85.7979,16.4827,21.466169096615694,-62
b28ba99b8d2a,1009,1,5,5,,36.3129909,59.5262941,1765445033221,Redmi/24117RN76G,36.3129683,59.5262717,3.0,348.027,-81.0051,1.36514,21.466169096615694,-72
b28ba99b8d2a,1010,1,5,5,,36.3129909,59.5262941,1765445034254,Redmi/24117RN76G,36.3129683,59.5262717,3.0,20.4822,-76.6763,11.1699,21.466169096615694,-65
b28ba99b8d2a,1011,1,5,5,,36.3129909,59.5262941,1765445035304,Redmi/24117RN76G,36.3129683,59.5262717,3.1,14.397,-55.8314,-3.74916,21.466169096615694,-65
b28ba99b8d2a,2428,1,5,5,,36.3130025,59.5262904,1766045432277,HONOR/ALI-NX1,36.3129918,59.5263091,12.088,167.868,-55.2798,-1.12163,22.79731427204301,-56
b28ba99b8d2a,2429,1,5,5,,36.3130025,59.5262904,1766045439349,HONOR/ALI-NX1,36.3129653,59.526333,13.598,152.465,-84.0517,20.1327,22.79731427204301,-61
b28ba99b8d2a,2430,1,5,5,,36.3130025,59.5262904,1766045448430,HONOR/ALI-NX1,36.3130246,59.5263099,15.555,325.83,-81.2061,3.86699,22.79731427204301,-63
b28ba99b8d2a,2431,1,5,5,,36.3130025,59.5262904,1766045456527,HONOR/ALI-NX1,36.313009,59.5263268,15.635,151.973,-48.2484,-7.41289,22.79731427204301,-58
b28ba99b8d2a,2432,1,5,5,,36.3130025,59.5262904,1766045464609,HONOR/ALI-NX1,36.3130221,59.5263068,16.532,151.482,-43.7618,-10.6108,22.79731427204301,-60
b28ba99b8d2a,1012,1,5,5,,36.3130076,59.5262872,1765445043405,Redmi/24117RN76G,36.3129683,59.5262717,3.3,18.9913,-83.2735,19.0494,23.422048566435738,-67
b28ba99b8d2a,1013,1,5,5,,36.3130076,59.5262872,1765445048461,Redmi/24117RN76G,36.3129942,59.5263388,3.3,12.1374,-84.7879,-13.1365,23.422048566435738,-62
b28ba99b8d2a,1014,1,5,5,,36.3130076,59.5262872,1765445049473,Redmi/24117RN76G,36.3129901,59.5263432,3.366,101.666,-83.8731,6.44565,23.422048566435738,-62
b28ba99b8d2a,1015,1,5,5,,36.3130076,59.5262872,1765445055554,Redmi/24117RN76G,36.3129851,59.5263497,3.633,169.627,-82.051,12.5017,23.422048566435738,-60
b28ba99b8d2a,1016,1,5,5,,36.3130076,59.5262872,1765445056569,Redmi/24117RN76G,36.3129851,59.5263497,3.633,160.453,-81.5511,0.492665,23.422048566435738,-60
b28ba99b8d2a,1017,1,5,5,,36.3130076,59.5262872,1765445062649,Redmi/24117RN76G,36.3130045,59.5263085,3.866,286.495,-84.0574,17.4804,23.422048566435738,-75
b28ba99b8d2a,1018,1,5,5,,36.3130076,59.5262872,1765445063666,Redmi/24117RN76G,36.3130045,59.5263085,3.866,275.35,-83.4797,-2.43926,23.422048566435738,-75
b28ba99b8d2a,1019,1,5,5,,36.3130076,59.5262872,1765445069741,Redmi/24117RN76G,36.3130356,59.5262835,3.666,334.48,-80.948,3.10222,23.422048566435738,-71
b28ba99b8d2a,1020,1,5,5,,36.3130076,59.5262872,1765445070752,Redmi/24117RN76G,36.3130356,59.5262835,3.666,336.433,-81.1663,3.3102,23.422048566435738,-71
b28ba99b8d2a,2423,1,5,5,,36.3130161,59.5262849,1766045401964,HONOR/ALI-NX1,36.313002,59.5263405,15.125,154.908,-63.7246,-2.82561,24.387005857873813,-63
b28ba99b8d2a,2424,1,5,5,,36.3130161,59.5262849,1766045403978,HONOR/ALI-NX1,36.313002,59.5263405,15.125,157.235,-83.8505,-6.53467,24.387005857873813,-56
b28ba99b8d2a,2425,1,5,5,,36.3130161,59.5262849,1766045413073,HONOR/ALI-NX1,36.3129698,59.5263679,11.021,293.947,-87.9305,8.4476,24.387005857873813,-54
b28ba99b8d2a,2426,1,5,5,,36.3130161,59.5262849,1766045417114,HONOR/ALI-NX1,36.3128139,59.5263792,12.408,343.263,-83.6186,-7.82846,24.387005857873813,-64
b28ba99b8d2a,2427,1,5,5,,36.3130161,59.5262849,1766045423175,HONOR/ALI-NX1,36.3128414,59.5264209,15.401,166.964,-43.888,-2.37497,24.387005857873813,-69
b28ba99b8d2a,1021,1,5,5,,36.3130243,59.5262803,1765445078846,Redmi/24117RN76G,36.3130893,59.526277,9.006,341.298,-83.6889,-2.61871,25.378126631220855,-67
b28ba99b8d2a,1022,1,5,5,,36.3130243,59.5262803,1765445083917,Redmi/24117RN76G,36.3130762,59.5263151,14.26,35.8467,-83.5963,0.113855,25.378126631220855,-66
b28ba99b8d2a,1023,1,5,5,,36.3130243,59.5262803,1765445084926,Redmi/24117RN76G,36.3130413,59.5262616,14.599,20.908,-81.131,-33.2832,25.378126631220855,-66
b28ba99b8d2a,1024,1,5,5,,36.3130243,59.5262803,1765445093039,Redmi/24117RN76G,36.3130759,59.5262679,8.208,143.871,-81.8287,9.73388,25.378126631220855,-54
b28ba99b8d2a,1025,1,5,5,,36.3130243,59.5262803,1765445094048,Redmi/24117RN76G,36.3130759,59.5262679,8.208,163.154,-79.0603,7.25586,25.378126631220855,-54
b28ba99b8d2a,1026,1,5,5,,36.3130243,59.5262803,1765445098096,Redmi/24117RN76G,36.3130952,59.5262688,7.346,190.543,-81.6771,5.6737,25.378126631220855,-56
b28ba99b8d2a,1027,1,5,5,,36.3130243,59.5262803,1765445099107,Redmi/24117RN76G,36.3130952,59.5262688,7.346,176.405,-82.1749,-7.56602,25.378126631220855,-56
b28ba99b8d2a,1028,1,5,5,,36.3130243,59.5262803,1765445105176,Redmi/24117RN76G,36.3130281,59.526322,3.533,246.401,-82.4899,-0.364835,25.378126631220855,-61
b28ba99b8d2a,1029,1,5,5,,36.3130243,59.5262803,1765445106186,Redmi/24117RN76G,36.3130281,59.526322,3.533,272.97,-81.9659,-0.646349,25.378126631220855,-61
b28ba99b8d2a,1030,1,5,5,,36.3130243,59.5262803,1765445112283,Redmi/24117RN76G,36.3130427,59.5262662,3.533,311.709,-81.8251,9.57109,25.378126631220855,-63
b28ba99b8d2a,1031,1,5,5,,36.3130243,59.5262803,1765445113292,Redmi/24117RN76G,36.3130427,59.5262662,3.533,356.021,-80.1803,19.6075,25.378126631220855,-63
b28ba99b8d2a,2418,1,5,5,,36.3130298,59.5262794,1766045368622,HONOR/ALI-NX1,36.3128672,59.5263482,12.63,155.996,-34.9698,-2.05041,25.98746782809556,-55
b28ba99b8d2a,2419,1,5,5,,36.3130298,59.5262794,1766045374677,HONOR/ALI-NX1,36.3129626,59.5263119,15.052,169.244,-87.359,-51.5194,25.98746782809556,-54
b28ba99b8d2a,2420,1,5,5,,36.3130298,59.5262794,1766045382762,HONOR/ALI-NX1,36.3129893,59.5263836,15.934,350.972,-83.8121,-20.2193,25.98746782809556,-66
b28ba99b8d2a,2421,1,5,5,,36.3130298,59.5262794,1766045390854,HONOR/ALI-NX1,36.3130445,59.5263219,12.934,147.902,-41.3558,-2.58863,25.98746782809556,-59
b28ba99b8d2a,2422,1,5,5,,36.3130298,59.5262794,1766045394887,HONOR/ALI-NX1,36.3128064,59.5264104,16.2,168.557,-48.4771,3.18117,25.98746782809556,-63
b28ba99b8d2a,1032,1,5,5,,36.313041,59.5262735,1765445125445,Redmi/24117RN76G,36.3130738,59.5263074,3.433,358.121,-81.3365,8.18342,27.331785883169054,-66
b28ba99b8d2a,1033,1,5,5,,36.313041,59.5262735,1765445126452,Redmi/24117RN76G,36.3130738,59.5263074,3.433,3.71043,-84.3007,8.81607,27.331785883169054,-72
b28ba99b8d2a,1034,1,5,5,,36.313041,59.5262735,1765445127466,Redmi/24117RN76G,36.3130738,59.5263074,3.433,348.291,-84.5351,-5.30117,27.331785883169054,-72
b28ba99b8d2a,1035,1,5,5,,36.313041,59.5262735,1765445133535,Redmi/24117RN76G,36.3131191,59.5262733,3.4,133.67,-83.9044,26.236,27.331785883169054,-69
b28ba99b8d2a,1036,1,5,5,,36.313041,59.5262735,1765445134547,Redmi/24117RN76G,36.313133,59.5262701,3.166,126.229,-84.495,17.9293,27.331785883169054,-69
b28ba99b8d2a,1037,1,5,5,,36.313041,59.5262735,1765445140609,Redmi/24117RN76G,36.3130533,59.5263146,3.2,194.28,-83.3858,9.18767,27.331785883169054,-62
b28ba99b8d2a,1038,1,5,5,,36.313041,59.5262735,1765445141622,Redmi/24117RN76G,36.3130533,59.5263146,3.2,190.889,-82.3258,5.39647,27.331785883169054,-62
b28ba99b8d2a,1039,1,5,5,,36.313041,59.5262735,1765445147695,Redmi/24117RN76G,36.3130306,59.5263055,3.3,263.085,-83.9711,-1.84287,27.331785883169054,-70
b28ba99b8d2a,1040,1,5,5,,36.313041,59.5262735,1765445148707,Redmi/24117RN76G,36.3130306,59.5263055,3.3,326.072,-82.2874,12.9415,27.331785883169054,-70
b28ba99b8d2a,2413,1,5,5,,36.3130434,59.5262738,1766045331181,HONOR/ALI-NX1,36.3130092,59.5263045,5.529,165.034,-36.2356,-0.0066757,27.57987967967179,-67
b28ba99b8d2a,2414,1,5,5,,36.3130434,59.5262738,1766045335233,HONOR/ALI-NX1,36.3130092,59.5263078,5.596,246.873,-87.1495,-8.2716,27.57987967967179,-55
b28ba99b8d2a,2415,1,5,5,,36.3130434,59.5262738,1766045344329,HONOR/ALI-NX1,36.3129948,59.5263245,6.384,110.574,-88.6324,28.2617,27.57987967967179,-61
b28ba99b8d2a,2416,1,5,5,,36.3130434,59.5262738,1766045353425,HONOR/ALI-NX1,36.3129987,59.5263113,5.33,151.24,-61.6447,-4.46461,27.57987967967179,-65
b28ba99b8d2a,2417,1,5,5,,36.3130434,59.5262738,1766045361536,HONOR/ALI-NX1,36.3128417,59.5263536,7.252,161.904,-41.8331,-5.11736,27.57987967967179,-60
b28ba99b8d2a,2408,1,5,5,,36.3130571,59.5262683,1766044667547,HONOR/ALI-NX1,36.3130854,59.5263193,7.772,167.541,-65.1194,2.92191,29.18049321763647,-58
b28ba99b8d2a,2409,1,5,5,,36.3130571,59.5262683,1766044672617,HONOR/ALI-NX1,36.3130927,59.5263158,7.553,172.421,-81.7168,7.54833,29.18049321763647,-58
b28ba99b8d2a,2410,1,5,5,,36.3130571,59.5262683,1766044690806,HONOR/ALI-NX1,36.3132097,59.5263173,8.053,165.021,-60.5463,0.317193,29.18049321763647,-63
b28ba99b8d2a,2411,1,5,5,,36.3130571,59.5262683,1766044701941,HONOR/ALI-NX1,36.313128,59.5263502,4.493,160.402,-47.9505,-3.83776,29.18049321763647,-58
b28ba99b8d2a,2412,1,5,5,,36.3130571,59.5262683,1766044718131,HONOR/ALI-NX1,36.3131211,59.5263625,4.448,160.653,-46.3246,-4.13743,29.18049321763647,-64
b28ba99b8d2a,1041,1,5,5,,36.3130576,59.5262666,1765445166976,Redmi/24117RN76G,36.3130833,59.5262867,2.8,345.978,-59.3502,22.0756,29.27748306162189,-65
b28ba99b8d2a,1042,1,5,5,,36.3130576,59.5262666,1765445168999,Redmi/24117RN76G,36.3130833,59.5262867,2.8,357.011,-79.5911,2.64508,29.27748306162189,-71
b28ba99b8d2a,1043,1,5,5,,36.3130576,59.5262666,1765445170013,Redmi/24117RN76G,36.3130833,59.5262867,2.433,358.667,-81.1303,10.2882,29.27748306162189,-71
b28ba99b8d2a,1044,1,5,5,,36.3130576,59.5262666,1765445176083,Redmi/24117RN76G,36.3130833,59.5262867,2.5,124.302,-81.4306,8.65301,29.27748306162189,-68
b28ba99b8d2a,1045,1,5,5,,36.3130576,59.5262666,1765445177092,Redmi/24117RN76G,36.3130833,59.5262867,2.5,151.153,-83.6257,32.5896,29.27748306162189,-68
b28ba99b8d2a,1046,1,5,5,,36.3130576,59.5262666,1765445183177,Redmi/24117RN76G,36.3130833,59.5262867,2.533,180.169,-82.6338,13.0781,29.27748306162189,-59
b28ba99b8d2a,1047,1,5,5,,36.3130576,59.5262666,1765445184188,Redmi/24117RN76G,36.3130833,59.5262867,2.533,174.851,-82.9838,6.2845,29.27748306162189,-59
b28ba99b8d2a,1048,1,5,5,,36.3130576,59.5262666,1765445190280,Redmi/24117RN76G,36.3130833,59.5262867,2.766,209.83,-83.0039,1.24243,29.27748306162189,-67
b28ba99b8d2a,1049,1,5,5,,36.3130576,59.5262666,1765445191301,Redmi/24117RN76G,36.3130833,59.5262867,2.766,251.791,-84.9938,2.80534,29.27748306162189,-67
b28ba99b8d2a,1050,1,5,5,,36.3130576,59.5262666,1765445197372,Redmi/24117RN76G,36.3130833,59.5262867,2.666,340.186,-81.3278,12.7622,29.27748306162189,-65
b28ba99b8d2a,1051,1,5,5,,36.3130576,59.5262666,1765445198380,Redmi/24117RN76G,36.3130833,59.5262867,2.666,351.3,-82.9706,1.76981,29.27748306162189,-65
b28ba99b8d2a,1082,1,5,5,,36.3125457,59.5264793,1765445622989,Redmi/24117RN76G,36.3125893,59.5264746,9.285,138.689,-81.1272,-9.08048,30.774059280935077,-83
b28ba99b8d2a,1083,1,5,5,,36.3125457,59.5264793,1765445626014,Redmi/24117RN76G,36.3125886,59.5264744,7.003,156.735,-80.7345,6.89233,30.774059280935077,-75
b28ba99b8d2a,1084,1,5,5,,36.3125457,59.5264793,1765445627025,Redmi/24117RN76G,36.3125886,59.5264744,7.003,165.533,-81.7658,14.2979,30.774059280935077,-75
b28ba99b8d2a,1085,1,5,5,,36.3125457,59.5264793,1765445633133,Redmi/24117RN76G,36.3125835,59.5264715,6.901,198.73,-84.3923,-6.56883,30.774059280935077,-75
b28ba99b8d2a,1086,1,5,5,,36.3125457,59.5264793,1765445634143,Redmi/24117RN76G,36.3125563,59.5265852,5.087,268.51,-84.0787,31.2601,30.774059280935077,-75
b28ba99b8d2a,1087,1,5,5,,36.3125457,59.5264793,1765445640207,Redmi/24117RN76G,36.3125326,59.5265021,3.433,34.642,-82.542,34.5217,30.774059280935077,-71
b28ba99b8d2a,1088,1,5,5,,36.3125457,59.5264793,1765445641215,Redmi/24117RN76G,36.3125326,59.5265021,3.433,7.63686,-83.4002,3.54425,30.774059280935077,-71
b28ba99b8d2a,1089,1,5,5,,36.3125457,59.5264793,1765445647288,Redmi/24117RN76G,36.3125317,59.5264936,2.966,135.01,-84.2699,30.5984,30.774059280935077,-76
b28ba99b8d2a,1090,1,5,5,,36.3125457,59.5264793,1765445648300,Redmi/24117RN76G,36.3125477,59.5265077,2.7,126.713,-84.0625,21.3667,30.774059280935077,-76
b28ba99b8d2a,1091,1,5,5,,36.3125457,59.5264793,1765445654353,Redmi/24117RN76G,36.3125596,59.5265019,2.75,154.878,-83.221,7.78858,30.774059280935077,-77
b28ba99b8d2a,1092,1,5,5,,36.3125457,59.5264793,1765445655366,Redmi/24117RN76G,36.3125596,59.5265019,2.75,159.077,-83.8383,13.1624,30.774059280935077,-77
b28ba99b8d2a,2520,1,5,5,,36.3125446,59.5264774,1766046413002,HONOR/ALI-NX1,36.3125292,59.5264782,4.972,158.462,-31.2903,-0.415059,30.830982645883463,-82
b28ba99b8d2a,2521,1,5,5,,36.3125446,59.5264774,1766046415012,HONOR/ALI-NX1,36.3125267,59.5264777,5.275,82.8492,-87.606,-36.7348,30.830982645883463,-85
b28ba99b8d2a,2522,1,5,5,,36.3125446,59.5264774,1766046424110,HONOR/ALI-NX1,36.3125115,59.5264996,5.594,104.898,-84.7262,-120.442,30.830982645883463,-74
b28ba99b8d2a,2523,1,5,5,,36.3125446,59.5264774,1766046432213,HONOR/ALI-NX1,36.312618,59.5264862,6.317,116.801,-84.8184,-82.0436,30.830982645883463,-85
b28ba99b8d2a,2524,1,5,5,,36.3125446,59.5264774,1766046440290,HONOR/ALI-NX1,36.3125916,59.5264779,11.305,62.894,-2.82166,-4.66832,30.830982645883463,-79
b28ba99b8d2a,2525,1,5,5,,36.3125275,59.5264846,1766046450404,HONOR/ALI-NX1,36.3125438,59.5264877,5.43,127.08,-59.8425,19.3509,32.83858224336924,-77
b28ba99b8d2a,2526,1,5,5,,36.3125275,59.5264846,1766046453437,HONOR/ALI-NX1,36.3125447,59.5264881,5.639,266.776,-87.6888,-144.558,32.83858224336924,-77
b28ba99b8d2a,2527,1,5,5,,36.3125275,59.5264846,1766046461507,HONOR/ALI-NX1,36.3125413,59.5264841,5.638,101.595,-70.9368,-10.9557,32.83858224336924,-77
b28ba99b8d2a,2528,1,5,5,,36.3125275,59.5264846,1766046469576,HONOR/ALI-NX1,36.3125329,59.5264755,8.948,275.825,-89.7897,19.3978,32.83858224336924,-72
b28ba99b8d2a,2529,1,5,5,,36.3125275,59.5264846,1766046477648,HONOR/ALI-NX1,36.312562,59.5264774,13.03,283.916,-72.6434,-9.29692,32.83858224336924,-82
b28ba99b8d2a,1093,1,5,5,,36.312528,59.5264865,1765445669560,Redmi/24117RN76G,36.31256,59.5265017,2.85,151.496,-84.6502,15.7841,32.84408494478528,-76
b28ba99b8d2a,1094,1,5,5,,36.312528,59.5264865,1765445670567,Redmi/24117RN76G,36.31256,59.5265017,2.85,160.603,-83.6892,24.9017,32.84408494478528,-74
b28ba99b8d2a,1095,1,5,5,,36.312528,59.5264865,1765445671579,Redmi/24117RN76G,36.31256,59.5265017,2.85,175.688,-83.2354,24.4285,32.84408494478528,-74
b28ba99b8d2a,1096,1,5,5,,36.312528,59.5264865,1765445675624,Redmi/24117RN76G,36.31256,59.5265017,2.9,176.823,-85.0297,-11.398,32.84408494478528,-73
b28ba99b8d2a,1097,1,5,5,,36.312528,59.5264865,1765445676635,Redmi/24117RN76G,36.31256,59.5265017,2.9,185.367,-85.3932,-4.86475,32.84408494478528,-73
b28ba99b8d2a,1098,1,5,5,,36.312528,59.5264865,1765445682705,Redmi/24117RN76G,36.31256,59.5265017,2.95,322.369,-84.8649,56.7952,32.84408494478528,-74
b28ba99b8d2a,1099,1,5,5,,36.312528,59.5264865,1765445683719,Redmi/24117RN76G,36.31256,59.5265017,2.95,234.671,-83.2143,-15.4126,32.84408494478528,-74
b28ba99b8d2a,1100,1,5,5,,36.312528,59.5264865,1765445689780,Redmi/24117RN76G,36.31256,59.5265017,2.9,275.605,-84.5538,25.1207,32.84408494478528,-72
b28ba99b8d2a,1101,1,5,5,,36.312528,59.5264865,1765445690793,Redmi/24117RN76G,36.31256,59.5265017,2.9,294.113,-84.2307,17.3982,32.84408494478528,-72
b28ba99b8d2a,1102,1,5,5,,36.312528,59.5264865,1765445696861,Redmi/24117RN76G,36.312462,59.5265432,2.85,349.671,-81.5422,3.30706,32.84408494478528,-71
b28ba99b8d2a,1103,1,5,5,,36.312528,59.5264865,1765445697868,Redmi/24117RN76G,36.312462,59.5265432,2.85,358.025,-80.4891,8.0287,32.84408494478528,-71
b28ba99b8d2a,1104,1,5,5,,36.312528,59.5264865,1765445703935,Redmi/24117RN76G,36.3124437,59.5265713,3.15,46.2407,-84.0511,3.37366,32.84408494478528,-72
b28ba99b8d2a,1105,1,5,5,,36.312528,59.5264865,1765445704944,Redmi/24117RN76G,36.3124437,59.5265713,3.15,43.8214,-84.0207,-0.139751,32.84408494478528,-72
b28ba99b8d2a,1106,1,5,5,,36.312528,59.5264865,1765445711007,Redmi/24117RN76G,36.3124433,59.5265684,3.35,146.402,-84.3729,43.0275,32.84408494478528,-74
b28ba99b8d2a,1107,1,5,5,,36.312528,59.5264865,1765445712017,Redmi/24117RN76G,36.3124433,59.5265684,3.35,158.365,-82.9918,39.6706,32.84408494478528,-74
b28ba99b8d2a,2530,1,5,5,,36.3125104,59.5264918,1766046494837,HONOR/ALI-NX1,36.3124918,59.5265214,14.933,152.474,-55.9033,-9.12381,34.846215720815486,-85
b28ba99b8d2a,2531,1,5,5,,36.3125104,59.5264918,1766046498868,HONOR/ALI-NX1,36.3125374,59.5264851,10.101,242.863,-88.3478,146.852,34.846215720815486,-78
b28ba99b8d2a,2532,1,5,5,,36.3125104,59.5264918,1766046503913,HONOR/ALI-NX1,36.3125486,59.5264617,10.07,350.684,-82.5235,-25.7155,34.846215720815486,-80
b28ba99b8d2a,2533,1,5,5,,36.3125104,59.5264918,1766046512003,HONOR/ALI-NX1,36.3125568,59.5264207,9.935,234.904,-32.295,-1.72079,34.846215720815486,-77
b28ba99b8d2a,2534,1,5,5,,36.3125104,59.5264918,1766046520082,HONOR/ALI-NX1,36.3125398,59.5265386,15.231,158.113,-31.5791,-1.69971,34.846215720815486,-83
b28ba99b8d2a,1108,1,5,5,,36.3125103,59.5264937,1765445725201,Redmi/24117RN76G,36.3125693,59.5265086,3.5,151.885,-86.2003,19.1962,34.9142480164695,-74
b28ba99b8d2a,1109,1,5,5,,36.3125103,59.5264937,1765445726208,Redmi/24117RN76G,36.3125693,59.5265086,3.5,165.332,-84.0166,21.4464,34.9142480164695,-74
b28ba99b8d2a,1110,1,5,5,,36.3125103,59.5264937,1765445734286,Redmi/24117RN76G,36.3124962,59.5265203,3.866,269.211,-88.5609,-0.318241,34.9142480164695,-75
b28ba99b8d2a,1111,1,5,5,,36.3125103,59.5264937,1765445735296,Redmi/24117RN76G,36.3124962,59.5265203,3.866,333.682,-87.2415,49.5961,34.9142480164695,-75
b28ba99b8d2a,1112,1,5,5,,36.3125103,59.5264937,1765445739340,Redmi/24117RN76G,36.3124961,59.5265392,4.35,336.095,-82.8752,17.3339,34.9142480164695,-68
b28ba99b8d2a,1113,1,5,5,,36.3125103,59.5264937,1765445740350,Redmi/24117RN76G,36.3124961,59.5265392,4.35,19.0846,-81.0219,34.1899,34.9142480164695,-68
b28ba99b8d2a,1114,1,5,5,,36.3125103,59.5264937,1765445746416,Redmi/24117RN76G,36.3125326,59.5265671,4.5,52.5358,-83.7667,18.5039,34.9142480164695,-74
b28ba99b8d2a,1115,1,5,5,,36.3125103,59.5264937,1765445747433,Redmi/24117RN76G,36.3125326,59.5265671,4.5,31.2643,-84.857,-5.36221,34.9142480164695,-74
b28ba99b8d2a,1116,1,5,5,,36.3125103,59.5264937,1765445753483,Redmi/24117RN76G,36.3126235,59.5265494,4.75,42.7394,-87.0866,-31.6061,34.9142480164695,-77
b28ba99b8d2a,1117,1,5,5,,36.3125103,59.5264937,1765445754493,Redmi/24117RN76G,36.3126235,59.5265494,4.75,138.28,-84.2737,28.3252,34.9142480164695,-77
b28ba99b8d2a,1118,1,5,5,,36.3125103,59.5264937,1765445760562,Redmi/24117RN76G,36.3126218,59.5264908,4.4,151.725,-82.7558,24.2478,34.9142480164695,-80
b28ba99b8d2a,1119,1,5,5,,36.3125103,59.5264937,1765445761569,Redmi/24117RN76G,36.3126218,59.5264908,4.4,140.492,-79.3304,4.6029,34.9142480164695,-80
b28ba99b8d2a,2535,1,5,5,,36.3124933,59.5264991,1766046528161,HONOR/ALI-NX1,36.3125421,59.5264778,6.853,149.739,-32.8792,-1.55832,36.85688229378494,-81
b28ba99b8d2a,2536,1,5,5,,36.3124933,59.5264991,1766046536247,HONOR/ALI-NX1,36.3125365,59.5264805,7.516,155.415,-83.9677,-40.0524,36.85688229378494,-78
b28ba99b8d2a,2537,1,5,5,,36.3124933,59.5264991,1766046544342,HONOR/ALI-NX1,36.312538,59.5264803,7.332,308.846,-74.3289,-4.55055,36.85688229378494,-64
b28ba99b8d2a,2538,1,5,5,,36.3124933,59.5264991,1766046552434,HONOR/ALI-NX1,36.3125297,59.526446,9.668,167.427,-42.0584,-0.0611579,36.85688229378494,-80
b28ba99b8d2a,2539,1,5,5,,36.3124933,59.5264991,1766046560542,HONOR/ALI-NX1,36.3125239,59.5266165,11.598,171.068,-35.5094,-0.953621,36.85688229378494,-86
b28ba99b8d2a,1120,1,5,5,,36.3124926,59.526501,1765445770667,Redmi/24117RN76G,36.3125728,59.5265254,4.4,159.734,-85.5839,18.6622,36.9875608012931,-74
b28ba99b8d2a,1121,1,5,5,,36.3124926,59.526501,1765445774709,Redmi/24117RN76G,36.3125672,59.5265106,21.223,179.285,-85.1906,14.7898,36.9875608012931,-74
b28ba99b8d2a,1122,1,5,5,,36.3124926,59.526501,1765445775717,Redmi/24117RN76G,36.3125672,59.5265106,21.223,139.393,-84.9785,-32.6225,36.9875608012931,-74
b28ba99b8d2a,1123,1,5,5,,36.3124926,59.526501,1765445781766,Redmi/24117RN76G,36.3125439,59.526491,21.073,197.002,-89.0345,-12.0902,36.9875608012931,-78
b28ba99b8d2a,1124,1,5,5,,36.3124926,59.526501,1765445782778,Redmi/24117RN76G,36.3125439,59.526491,21.073,232.976,-86.3124,16.7354,36.9875608012931,-78
b28ba99b8d2a,1125,1,5,5,,36.3124926,59.526501,1765445788828,Redmi/24117RN76G,36.3125107,59.5264945,8.26,308.164,-87.1866,61.0089,36.9875608012931,-81
b28ba99b8d2a,1126,1,5,5,,36.3124926,59.526501,1765445789836,Redmi/24117RN76G,36.3125107,59.5264945,8.26,307.588,-87.6319,57.9435,36.9875608012931,-81
b28ba99b8d2a,1127,1,5,5,,36.3124926,59.526501,1765445797922,Redmi/24117RN76G,36.3124018,59.5265061,5.78,29.9528,-83.0092,32.7058,36.9875608012931,-75
b28ba99b8d2a,1128,1,5,5,,36.3124926,59.526501,1765445798927,Redmi/24117RN76G,36.3123984,59.5265067,3.55,16.8238,-83.9867,21.3231,36.9875608012931,-75
b28ba99b8d2a,1129,1,5,5,,36.3124926,59.526501,1765445802973,Redmi/24117RN76G,36.3123984,59.5265067,3.55,47.0334,-85.397,14.8912,36.9875608012931,-74
b28ba99b8d2a,1130,1,5,5,,36.3124926,59.526501,1765445803980,Redmi/24117RN76G,36.3123869,59.5265019,3.65,35.0993,-84.8074,-2.98511,36.9875608012931,-74
b28ba99b8d2a,1131,1,5,5,,36.3124926,59.526501,1765445810053,Redmi/24117RN76G,36.3124209,59.5264567,3.75,122.564,-88.0286,48.708,36.9875608012931,-86
b28ba99b8d2a,1132,1,5,5,,36.3124926,59.526501,1765445811060,Redmi/24117RN76G,36.3124209,59.5264567,3.75,153.543,-88.0545,79.5071,36.9875608012931,-86
b28ba99b8d2a,1133,1,5,5,,36.3124926,59.526501,1765445817210,Redmi/24117RN76G,36.3124119,59.5264727,3.85,109.426,-83.3767,8.35612,36.9875608012931,-76
b28ba99b8d2a,1134,1,5,5,,36.3124926,59.526501,1765445818220,Redmi/24117RN76G,36.3124119,59.5264727,3.85,118.382,-80.179,16.2062,36.9875608012931,-76
b28ba99b8d2a,1135,1,5,5,,36.3124926,59.526501,1765445824265,Redmi/24117RN76G,36.3124754,59.5264605,3.6,142.529,-86.4994,26.5388,36.9875608012931,-75
b28ba99b8d2a,1136,1,5,5,,36.3124926,59.526501,1765445825277,Redmi/24117RN76G,36.3124754,59.5264605,3.6,149.511,-80.1271,16.6539,36.9875608012931,-75
b28ba99b8d2a,2540,1,5,5,,36.3124761,59.5265063,1766046569649,HONOR/ALI-NX1,36.3125417,59.526543,12.613,140.638,-50.632,0.229254,38.87503984428664,-85
b28ba99b8d2a,2541,1,5,5,,36.3124761,59.5265063,1766046573694,HONOR/ALI-NX1,36.3124828,59.5265132,9.935,160.229,-89.1637,49.2925,38.87503984428664,-81
b28ba99b8d2a,2542,1,5,5,,36.3124761,59.5265063,1766046581773,HONOR/ALI-NX1,36.3124373,59.526451,10.059,354.923,-85.9084,-19.042,38.87503984428664,-68
b28ba99b8d2a,2543,1,5,5,,36.3124761,59.5265063,1766046589864,HONOR/ALI-NX1,36.3125208,59.5264468,10.909,163.453,-43.9379,0.110784,38.87503984428664,-83
b28ba99b8d2a,2544,1,5,5,,36.3124761,59.5265063,1766046597952,HONOR/ALI-NX1,36.3125722,59.5264982,13.055,169.633,-18.0505,-5.44779,38.87503984428664,-85
b28ba99b8d2a,1137,1,5,5,,36.3124749,59.5265082,1765445834392,Redmi/24117RN76G,36.3124495,59.5264726,3.566,147.889,-85.5929,0.664304,39.057921476027,-73
b28ba99b8d2a,1138,1,5,5,,36.3124749,59.5265082,1765445838426,Redmi/24117RN76G,36.3124263,59.5265299,3.433,165.275,-84.2339,-16.4218,39.057921476027,-80
b28ba99b8d2a,1139,1,5,5,,36.3124749,59.5265082,1765445839443,Redmi/24117RN76G,36.3124263,59.5265299,3.433,303.404,-86.6934,56.0356,39.057921476027,-80
b28ba99b8d2a,1140,1,5,5,,36.3124749,59.5265082,1765445845501,Redmi/24117RN76G,36.3124403,59.5265395,3.3,22.4596,-84.279,36.3229,39.057921476027,-73
b28ba99b8d2a,1141,1,5,5,,36.3124749,59.5265082,1765445846514,Redmi/24117RN76G,36.3124403,59.5265395,3.3,20.8612,-85.0106,36.1524,39.057921476027,-73
b28ba99b8d2a,1142,1,5,5,,36.3124749,59.5265082,1765445852579,Redmi/24117RN76G,36.3124401,59.5265432,3.333,31.2286,-86.5146,-9.77196,39.057921476027,-74
b28ba99b8d2a,1143,1,5,5,,36.3124749,59.5265082,1765445853613,Redmi/24117RN76G,36.3124789,59.5265433,3.3,11.7722,-84.1849,-33.3323,39.057921476027,-74
b28ba99b8d2a,1144,1,5,5,,36.3124749,59.5265082,1765445861687,Redmi/24117RN76G,36.3124929,59.5265625,3.2,94.723,-87.0576,12.4285,39.057921476027,-78
b28ba99b8d2a,1145,1,5,5,,36.3124749,59.5265082,1765445862700,Redmi/24117RN76G,36.3124929,59.5265625,3.2,70.343,-89.7368,-11.5675,39.057921476027,-78
b28ba99b8d2a,1146,1,5,5,,36.3124749,59.5265082,1765445866748,Redmi/24117RN76G,36.3124787,59.5265906,3.55,136.553,-84.3439,24.557,39.057921476027,-78
b28ba99b8d2a,1147,1,5,5,,36.3124749,59.5265082,1765445867759,Redmi/24117RN76G,36.3124787,59.5265906,3.55,123.061,-83.7865,8.30012,39.057921476027,-78
b28ba99b8d2a,2545,1,5,5,,36.312459,59.5265135,1766046605035,HONOR/ALI-NX1,36.312541,59.5264948,12.282,163.998,-44.6891,-2.69764,40.882742809260904,-85
b28ba99b8d2a,2546,1,5,5,,36.312459,59.5265135,1766046606041,HONOR/ALI-NX1,36.3125283,59.5264709,15.413,193.941,-87.9018,99.1674,40.882742809260904,-81
b28ba99b8d2a,2547,1,5,5,,36.312459,59.5265135,1766046614150,HONOR/ALI-NX1,36.3125532,59.5264814,16.249,327.672,-87.9732,29.86,40.882742809260904,-78
b28ba99b8d2a,2548,1,5,5,,36.312459,59.5265135,1766046619210,HONOR/ALI-NX1,36.3125125,59.5264208,17.711,356.247,-84.6524,-30.2614,40.882742809260904,-75
b28ba99b8d2a,2549,1,5,5,,36.312459,59.5265135,1766046623262,HONOR/ALI-NX1,36.3125269,59.5264839,13.143,171.888,-45.3281,-4.69096,40.882742809260904,-73
b28ba99b8d2a,1148,1,5,5,,36.3124572,59.5265154,1765445881937,Redmi/24117RN76G,36.3125104,59.5267063,3.8,159.772,-82.1332,12.8162,41.12836509230653,-85
b28ba99b8d2a,1149,1,5,5,,36.3124572,59.5265154,1765445888009,Redmi/24117RN76G,36.3125342,59.5266132,17.46,175.527,-82.8731,-1.84343,41.12836509230653,-75
b28ba99b8d2a,1150,1,5,5,,36.3124572,59.5265154,1765445889024,Redmi/24117RN76G,36.3125322,59.5264941,16.224,175.19,-84.2354,-0.904933,41.12836509230653,-75
b28ba99b8d2a,1151,1,5,5,,36.3124572,59.5265154,1765445895116,Redmi/24117RN76G,36.3125201,59.5265045,6.906,312.334,-85.6253,37.0016,41.12836509230653,-83
b28ba99b8d2a,1152,1,5,5,,36.3124572,59.5265154,1765445896123,Redmi/24117RN76G,36.3125201,59.5265045,6.906,283.566,-86.9343,3.01038,41.12836509230653,-83
b28ba99b8d2a,1153,1,5,5,,36.3124572,59.5265154,1765445902209,Redmi/24117RN76G,36.312369,59.5265343,4.732,10.955,-81.0266,-5.24986,41.12836509230653,-71
b28ba99b8d2a,1154,1,5,5,,36.3124572,59.5265154,1765445903217,Redmi/24117RN76G,36.312369,59.5265343,4.732,31.2574,-83.531,-7.4662,41.12836509230653,-71
b28ba99b8d2a,1155,1,5,5,,36.3124572,59.5265154,1765445909270,Redmi/24117RN76G,36.3124054,59.5265206,3.333,148.473,-84.6394,35.0708,41.12836509230653,-82
b28ba99b8d2a,1156,1,5,5,,36.3124572,59.5265154,1765445910283,Redmi/24117RN76G,36.3124054,59.5265206,3.333,139.529,-85.515,29.3879,41.12836509230653,-82
b28ba99b8d2a,1157,1,5,5,,36.3124572,59.5265154,1765445916349,Redmi/24117RN76G,36.3124261,59.5265296,3.2,166.682,-81.8185,10.8154,41.12836509230653,-78
b28ba99b8d2a,1158,1,5,5,,36.3124572,59.5265154,1765445917362,Redmi/24117RN76G,36.3124261,59.5265296,3.2,156.748,-82.9277,-0.865882,41.12836509230653,-78
b28ba99b8d2a,2550,1,5,5,,36.3124419,59.5265207,1766046631356,HONOR/ALI-NX1,36.3125321,59.5264763,12.063,158.598,-45.6884,4.13081,42.89046364781499,-73
b28ba99b8d2a,2551,1,5,5,,36.3124419,59.5265207,1766046632372,HONOR/ALI-NX1,36.3125321,59.5264763,12.063,12.4554,-84.6528,-41.4754,42.89046364781499,-87
b28ba99b8d2a,2552,1,5,5,,36.3124419,59.5265207,1766046640469,HONOR/ALI-NX1,36.3125465,59.5264607,11.175,168.609,-84.3696,-42.0255,42.89046364781499,-75
b28ba99b8d2a,2553,1,5,5,,36.3124419,59.5265207,1766046648578,HONOR/ALI-NX1,36.312577,59.5264753,12.105,183.355,-38.6662,-1.51378,42.89046364781499,-77
b28ba99b8d2a,2554,1,5,5,,36.3124419,59.5265207,1766046656668,HONOR/ALI-NX1,36.3124321,59.5264337,9.982,154.866,-40.8613,-0.424391,42.89046364781499,-80
b28ba99b8d2a,1159,1,5,5,,36.3124395,59.5265226,1765445924456,Redmi/24117RN76G,36.3124199,59.5265434,3.2,165.364,-82.6405,25.1572,43.19887973031702,-78
b28ba99b8d2a,1160,1,5,5,,36.3124395,59.5265226,1765445925468,Redmi/24117RN76G,36.3124199,59.5265434,3.2,149.485,-82.0348,12.1147,43.19887973031702,-73
b28ba99b8d2a,1161,1,5,5,,36.3124395,59.5265226,1765445926475,Redmi/24117RN76G,36.3124199,59.5265434,3.2,130.285,-82.6883,-15.7531,43.19887973031702,-73
b28ba99b8d2a,1162,1,5,5,,36.3124395,59.5265226,1765445930521,Redmi/24117RN76G,36.3124395,59.5265754,3.25,213.809,-86.2816,9.94262,43.19887973031702,-78
b28ba99b8d2a,1163,1,5,5,,36.3124395,59.5265226,1765445931530,Redmi/24117RN76G,36.3124395,59.5265754,3.25,204.68,-85.67,4.14725,43.19887973031702,-78
b28ba99b8d2a,1164,1,5,5,,36.3124395,59.5265226,1765445937626,Redmi/24117RN76G,36.3124238,59.5265575,3.4,357.832,-82.7097,28.9667,43.19887973031702,-72
b28ba99b8d2a,1165,1,5,5,,36.3124395,59.5265226,1765445938639,Redmi/24117RN76G,36.3124233,59.5265567,3.533,348.439,-84.3727,-1.72614,43.19887973031702,-72
b28ba99b8d2a,1166,1,5,5,,36.3124395,59.5265226,1765445944709,Redmi/24117RN76G,36.3124233,59.5265567,3.333,29.7118,-82.7722,-16.0248,43.19887973031702,-78
b28ba99b8d2a,1167,1,5,5,,36.3124395,59.5265226,1765445945724,Redmi/24117RN76G,36.3124233,59.5265567,3.333,73.7384,-86.6478,10.334,43.19887973031702,-78
b28ba99b8d2a,1168,1,5,5,,36.3124395,59.5265226,1765445951790,Redmi/24117RN76G,36.3124233,59.5265567,3.15,138.601,-82.5355,25.411,43.19887973031702,-79
b28ba99b8d2a,1169,1,5,5,,36.3124395,59.5265226,1765445952804,Redmi/24117RN76G,36.3124233,59.5265567,3.15,136.204,-81.7858,20.426,43.19887973031702,-79
b28ba99b8d2a,2555,1,5,5,,36.3124248,59.5265279,1766046664756,HONOR/ALI-NX1,36.3125461,59.5264604,11.012,163.934,-42.8275,-0.119148,44.898199969524256,-86
b28ba99b8d2a,2556,1,5,5,,36.3124248,59.5265279,1766046672847,HONOR/ALI-NX1,36.3125531,59.5265067,12.29,284.239,-87.3174,-124.617,44.898199969524256,-79
b28ba99b8d2a,2557,1,5,5,,36.3124248,59.5265279,1766046680930,HONOR/ALI-NX1,36.3125817,59.5264996,15.345,343.48,-87.0542,61.6505,44.898199969524256,-80
b28ba99b8d2a,2558,1,5,5,,36.3124248,59.5265279,1766046684977,HONOR/ALI-NX1,36.3125338,59.5264868,16.455,146.617,-85.3382,-53.7639,44.898199969524256,-65
b28ba99b8d2a,2559,1,5,5,,36.3124248,59.5265279,1766046694098,HONOR/ALI-NX1,36.3124939,59.5266492,10.955,142.182,-53.5536,5.69025,44.898199969524256,-80
b28ba99b8d2a,1170,1,5,5,,36.3124218,59.5265298,1765445963970,Redmi/24117RN76G,36.3124233,59.5265567,3.1,150.139,-83.0957,11.8066,45.26945565247934,-85
b28ba99b8d2a,1171,1,5,5,,36.3124218,59.5265298,1765445965992,Redmi/24117RN76G,36.3124233,59.5265567,3.1,190.649,-83.3887,20.0969,45.26945565247934,-76
b28ba99b8d2a,1172,1,5,5,,36.3124218,59.5265298,1765445967006,Redmi/24117RN76G,36.3124233,59.5265567,3.1,171.406,-84.8181,1.3094,45.26945565247934,-76
b28ba99b8d2a,1173,1,5,5,,36.3124218,59.5265298,1765445973079,Redmi/24117RN76G,36.3123828,59.5266208,3.2,226.26,-85.2635,15.1628,45.26945565247934,-82
b28ba99b8d2a,1174,1,5,5,,36.3124218,59.5265298,1765445974095,Redmi/24117RN76G,36.3123817,59.5266361,3.4,274.554,-86.7879,18.6008,45.26945565247934,-82
b28ba99b8d2a,1175,1,5,5,,36.3124218,59.5265298,1765445980201,Redmi/24117RN76G,36.3123752,59.5266447,3.6,352.341,-82.6348,3.82575,45.26945565247934,-73
b28ba99b8d2a,1176,1,5,5,,36.3124218,59.5265298,1765445981214,Redmi/24117RN76G,36.3123752,59.5266447,3.6,21.3264,-80.4094,21.2197,45.26945565247934,-73
b28ba99b8d2a,1177,1,5,5,,36.3124218,59.5265298,1765445989298,Redmi/24117RN76G,36.31236,59.5266583,3.533,63.1268,-85.4031,17.9083,45.26945565247934,-80
b28ba99b8d2a,1178,1,5,5,,36.3124218,59.5265298,1765445990313,Redmi/24117RN76G,36.31236,59.5266583,3.533,46.5366,-83.8211,15.0298,45.26945565247934,-80
b28ba99b8d2a,1179,1,5,5,,36.3124218,59.5265298,1765445994360,Redmi/24117RN76G,36.3124427,59.5265477,3.3,175.595,-87.8438,94.4812,45.26945565247934,-84
b28ba99b8d2a,1180,1,5,5,,36.3124218,59.5265298,1765445995366,Redmi/24117RN76G,36.3124427,59.5265477,3.3,141.122,-88.0004,57.3603,45.26945565247934,-84
b28ba99b8d2a,1181,1,5,5,,36.3124218,59.5265298,1765446001490,Redmi/24117RN76G,36.312437,59.5265402,3.2,141.954,-82.4854,19.7039,45.26945565247934,-78
b28ba99b8d2a,1182,1,5,5,,36.3124218,59.5265298,1765446002499,Redmi/24117RN76G,36.312437,59.5265402,3.2,146.678,-80.9155,23.8717,45.26945565247934,-78
b28ba99b8d2a,2560,1,5,5,,36.3124077,59.5265352,1766046702196,HONOR/ALI-NX1,36.3125634,59.526488,15.368,179.268,-41.1829,4.16274,46.908928491625865,-83
b28ba99b8d2a,2561,1,5,5,,36.3124077,59.5265352,1766046710289,HONOR/ALI-NX1,36.3125446,59.5265163,15.858,334.695,-84.3492,14.1507,46.908928491625865,-75
b28ba99b8d2a,2562,1,5,5,,36.3124077,59.5265352,1766046718383,HONOR/ALI-NX1,36.3125986,59.5264697,12.323,173.458,-59.1665,5.2943,46.908928491625865,-76
b28ba99b8d2a,2563,1,5,5,,36.3124077,59.5265352,1766046726478,HONOR/ALI-NX1,36.3123469,59.5266784,12.69,175.756,-48.3955,4.64515,46.908928491625865,-84
b28ba99b8d2a,2564,1,5,5,,36.3124077,59.5265352,1766046734600,HONOR/ALI-NX1,36.3125071,59.5265482,12.815,173.695,-43.391,0.521825,46.908928491625865,-86
b28ba99b8d2a,1183,1,5,5,,36.3124041,59.5265371,1765446015653,Redmi/24117RN76G,36.3124757,59.5264345,16.884,149.818,-82.8613,5.65563,47.343068428043466,-83
b28ba99b8d2a,1184,1,5,5,,36.3124041,59.5265371,1765446016671,Redmi/24117RN76G,36.3124757,59.5264345,16.884,175.86,-82.9483,16.1567,47.343068428043466,-83
b28ba99b8d2a,1185,1,5,5,,36.3124041,59.5265371,1765446022742,Redmi/24117RN76G,36.3124672,59.5264285,15.326,281.243,-85.6779,19.8376,47.343068428043466,-82
b28ba99b8d2a,1186,1,5,5,,36.3124041,59.5265371,1765446023753,Redmi/24117RN76G,36.3124627,59.5263637,10.552,281.719,-85.6966,5.17569,47.343068428043466,-82
b28ba99b8d2a,1187,1,5,5,,36.3124041,59.5265371,1765446029810,Redmi/24117RN76G,36.3124837,59.5263202,6.523,352.586,-82.0404,1.76752,47.343068428043466,-78
b28ba99b8d2a,1188,1,5,5,,36.3124041,59.5265371,1765446030816,Redmi/24117RN76G,36.3124837,59.5263202,6.523,358.178,-83.1961,7.01295,47.343068428043466,-78
b28ba99b8d2a,1189,1,5,5,,36.3124041,59.5265371,1765446036883,Redmi/24117RN76G,36.3124635,59.5263604,5.428,17.5235,-84.7255,-29.0757,47.343068428043466,-78
b28ba99b8d2a,1190,1,5,5,,36.3124041,59.5265371,1765446037891,Redmi/24117RN76G,36.3124635,59.5263604,5.428,27.8899,-81.6481,-33.5202,47.343068428043466,-78
b28ba99b8d2a,1191,1,5,5,,36.3124041,59.5265371,1765446043952,Redmi/24117RN76G,36.3124617,59.5263633,6.35,134.786,-82.7793,20.9003,47.343068428043466,-80
b28ba99b8d2a,1192,1,5,5,,36.3124041,59.5265371,1765446044961,Redmi/24117RN76G,36.3124617,59.5263633,6.35,139.272,-82.0846,1.51182,47.343068428043466,-80
b28ba99b8d2a,2565,1,5,5,,36.3123905,59.5265424,1766046742697,HONOR/ALI-NX1,36.312576,59.5264768,11.627,121.064,-50.365,3.94127,48.92717473593984,-84
b28ba99b8d2a,2566,1,5,5,,36.3123905,59.5265424,1766046743705,HONOR/ALI-NX1,36.312576,59.5264768,11.627,259.532,-89.7553,178.848,48.92717473593984,-80
b28ba99b8d2a,2567,1,5,5,,36.3123905,59.5265424,1766046752831,HONOR/ALI-NX1,36.3125511,59.5265078,10.452,83.8348,-89.3654,-162.055,48.92717473593984,-76
b28ba99b8d2a,2568,1,5,5,,36.3123905,59.5265424,1766046760941,HONOR/ALI-NX1,36.3125559,59.5264914,9.362,25.399,-63.3597,75.7505,48.92717473593984,-76
b28ba99b8d2a,2569,1,5,5,,36.3123905,59.5265424,1766046769036,HONOR/ALI-NX1,36.3125976,59.5264639,18.606,356.36,-85.4113,-19.4435,48.92717473593984,-76
b28ba99b8d2a,1193,1,5,5,,36.3123864,59.5265443,1765446054136,Redmi/24117RN76G,36.3124276,59.5265264,13.696,146.198,-83.8251,11.0559,49.41373611020402,-81
b28ba99b8d2a,1194,1,5,5,,36.3123864,59.5265443,1765446058197,Redmi/24117RN76G,36.3124276,59.5265264,13.696,170.54,-83.2874,6.01746,49.41373611020402,-81
b28ba99b8d2a,1195,1,5,5,,36.3123864,59.5265443,1765446059206,Redmi/24117RN76G,36.3123848,59.5266144,6.6,188.263,-83.7493,-17.1553,49.41373611020402,-81
b28ba99b8d2a,1196,1,5,5,,36.3123864,59.5265443,1765446065260,Redmi/24117RN76G,36.3124153,59.5266493,5.933,6.99503,-85.0032,22.4459,49.41373611020402,-73
b28ba99b8d2a,1197,1,5,5,,36.3123864,59.5265443,1765446066273,Redmi/24117RN76G,36.3124153,59.5266493,5.933,3.34387,-81.1182,17.2436,49.41373611020402,-73
b28ba99b8d2a,1198,1,5,5,,36.3123864,59.5265443,1765446072345,Redmi/24117RN76G,36.3124405,59.5266197,4.533,29.4048,-82.6508,-13.0089,49.41373611020402,-77
b28ba99b8d2a,1199,1,5,5,,36.3123864,59.5265443,1765446073353,Redmi/24117RN76G,36.3124869,59.5265496,4.266,61.3642,-84.8149,3.54238,49.41373611020402,-77
b28ba99b8d2a,1200,1,5,5,,36.3123864,59.5265443,1765446079410,Redmi/24117RN76G,36.3124997,59.5265259,4.1,131.268,-85.2254,33.2875,49.41373611020402,-79
b28ba99b8d2a,1201,1,5,5,,36.3123864,59.5265443,1765446080416,Redmi/24117RN76G,36.3124997,59.5265259,4.1,113.306,-82.3137,18.3076,49.41373611020402,-79
b28ba99b8d2a,1202,1,5,5,,36.3123864,59.5265443,1765446086471,Redmi/24117RN76G,36.3125163,59.5265346,4.166,125.014,-85.2257,25.2193,49.41373611020402,-75
b28ba99b8d2a,1203,1,5,5,,36.3123864,59.5265443,1765446087483,Redmi/24117RN76G,36.3125163,59.5265346,4.166,117.973,-85.111,17.7758,49.41373611020402,-75
b28ba99b8d2a,1204,1,5,5,,36.3123864,59.5265443,1765446093544,Redmi/24117RN76G,36.3124845,59.5265435,3.5,128.562,-70.268,7.39999,49.41373611020402,-82
b28ba99b8d2a,2570,1,5,5,,36.3123734,59.5265496,1766046779146,HONOR/ALI-NX1,36.3124446,59.5266221,10.935,152.752,-37.3509,-5.34996,50.934944732746814,-85
b28ba99b8d2a,2571,1,5,5,,36.3123734,59.5265496,1766046785223,HONOR/ALI-NX1,36.3125413,59.526478,12.62,83.831,-87.4204,-6.39193,50.934944732746814,-84
b28ba99b8d2a,2572,1,5,5,,36.3123734,59.5265496,1766046793320,HONOR/ALI-NX1,36.3125742,59.5264568,16.406,308.726,-83.8051,15.6298,50.934944732746814,-78
b28ba99b8d2a,2573,1,5,5,,36.3123734,59.5265496,1766046801425,HONOR/ALI-NX1,36.3124237,59.5264586,9.935,161.217,-37.1577,-0.803305,50.934944732746814,-75
b28ba99b8d2a,2574,1,5,5,,36.3123734,59.5265496,1766046805466,HONOR/ALI-NX1,36.3125829,59.5264596,10.625,156.674,-37.4639,1.15127,50.934944732746814,-86
b28ba99b8d2a,1205,1,5,5,,36.3123687,59.5265515,1765446101652,Redmi/24117RN76G,36.3124639,59.5265353,3.533,145.842,-82.0325,11.0779,51.484445384015494,-79
b28ba99b8d2a,1206,1,5,5,,36.3123687,59.5265515,1765446107712,Redmi/24117RN76G,36.3124228,59.5265574,3.566,232.477,-84.9559,9.7348,51.484445384015494,-81
b28ba99b8d2a,1207,1,5,5,,36.3123687,59.5265515,1765446108721,Redmi/24117RN76G,36.3124217,59.5265583,3.533,237.901,-85.762,5.45206,51.484445384015494,-81
b28ba99b8d2a,1208,1,5,5,,36.3123687,59.5265515,1765446116814,Redmi/24117RN76G,36.3124217,59.5265583,3.633,355.417,-84.2263,14.3891,51.484445384015494,-78
b28ba99b8d2a,1209,1,5,5,,36.3123687,59.5265515,1765446117820,Redmi/24117RN76G,36.3124217,59.5265583,3.633,4.49919,-82.4454,17.0366,51.484445384015494,-78
b28ba99b8d2a,1210,1,5,5,,36.3123687,59.5265515,1765446121854,Redmi/24117RN76G,36.312373,59.5265712,3.6,29.2429,-83.0217,-4.89061,51.484445384015494,-73
b28ba99b8d2a,1211,1,5,5,,36.3123687,59.5265515,1765446122860,Redmi/24117RN76G,36.312373,59.5265712,3.6,28.7741,-82.7211,-6.84806,51.484445384015494,-73
b28ba99b8d2a,1212,1,5,5,,36.3123687,59.5265515,1765446128924,Redmi/24117RN76G,36.312355,59.5265867,3.3,128.824,-82.7075,28.3199,51.484445384015494,-74
b28ba99b8d2a,1213,1,5,5,,36.3123687,59.5265515,1765446129937,Redmi/24117RN76G,36.312355,59.5265867,3.3,118.469,-83.0004,17.359,51.484445384015494,-74
b28ba99b8d2a,1214,1,5,5,,36.3123687,59.5265515,1765446136009,Redmi/24117RN76G,36.312355,59.5265867,3.3,156.197,-79.2137,19.0631,51.484445384015494,-82
b28ba99b8d2a,1215,1,5,5,,36.3123687,59.5265515,1765446137020,Redmi/24117RN76G,36.312355,59.5265867,3.3,159.814,-78.8794,8.03556,51.484445384015494,-82
b28ba99b8d2a,2575,1,5,5,,36.3123563,59.5265568,1766046835837,HONOR/ALI-NX1,36.3123906,59.5264829,10.314,175.613,-38.1942,1.88578,52.94272415150765,-85
b28ba99b8d2a,2576,1,5,5,,36.3123563,59.5265568,1766046838873,HONOR/ALI-NX1,36.3125584,59.5264682,9.512,201.629,-86.4407,94.8903,52.94272415150765,-88
b28ba99b8d2a,2577,1,5,5,,36.3123563,59.5265568,1766046846949,HONOR/ALI-NX1,36.3125605,59.5264688,7.523,323.31,-84.1568,-68.2919,52.94272415150765,-81
b28ba99b8d2a,2578,1,5,5,,36.3123563,59.5265568,1766046855057,HONOR/ALI-NX1,36.3125246,59.5265122,8.25,115.908,-83.6073,-113.587,52.94272415150765,-79
b28ba99b8d2a,2579,1,5,5,,36.3123563,59.5265568,1766046860112,HONOR/ALI-NX1,36.3124259,59.5265934,12.074,220.286,-33.5003,3.69829,52.94272415150765,-85
b28ba99b8d2a,1216,1,5,5,,36.312351,59.5265587,1765446145217,Redmi/24117RN76G,36.312397,59.5265977,3.15,158.16,-80.0171,19.8483,53.555191430688126,-77
b28ba99b8d2a,1217,1,5,5,,36.312351,59.5265587,1765446150263,Redmi/24117RN76G,36.3124128,59.5265951,3.2,183.928,-82.4692,-20.6608,53.555191430688126,-80
b28ba99b8d2a,1218,1,5,5,,36.312351,59.5265587,1765446151281,Redmi/24117RN76G,36.3124128,59.5265951,3.2,325.443,-84.6861,45.5752,53.555191430688126,-80
b28ba99b8d2a,1219,1,5,5,,36.312351,59.5265587,1765446157361,Redmi/24117RN76G,36.3124182,59.526603,3.466,1.12472,-80.6246,19.6359,53.555191430688126,-73
b28ba99b8d2a,1220,1,5,5,,36.312351,59.5265587,1765446158373,Redmi/24117RN76G,36.3124265,59.5265809,3.666,4.40416,-81.5984,22.8385,53.555191430688126,-73
b28ba99b8d2a,1221,1,5,5,,36.312351,59.5265587,1765446164430,Redmi/24117RN76G,36.31237,59.5265704,3.733,10.1596,-81.039,8.66776,53.555191430688126,-74
b28ba99b8d2a,1222,1,5,5,,36.312351,59.5265587,1765446165436,Redmi/24117RN76G,36.31237,59.5265704,3.733,17.6968,-80.8804,15.7804,53.555191430688126,-74
b28ba99b8d2a,1223,1,5,5,,36.312351,59.5265587,1765446171494,Redmi/24117RN76G,36.3123344,59.5265652,3.633,39.8355,-84.3517,-13.1932,53.555191430688126,-83
b28ba99b8d2a,1224,1,5,5,,36.312351,59.5265587,1765446172506,Redmi/24117RN76G,36.3123344,59.5265652,3.633,33.7941,-84.6787,-20.5024,53.555191430688126,-83
b28ba99b8d2a,1225,1,5,5,,36.312351,59.5265587,1765446180585,Redmi/24117RN76G,36.3123663,59.5265858,3.8,143.447,-80.2498,25.0665,53.555191430688126,-75
b28ba99b8d2a,1226,1,5,5,,36.312351,59.5265587,1765446181597,Redmi/24117RN76G,36.3123663,59.5265858,3.8,141.038,-80.5584,22.3248,53.555191430688126,-75
b28ba99b8d2a,1227,1,5,5,,36.312351,59.5265587,1765446185632,Redmi/24117RN76G,36.3123994,59.5265674,3.95,156.966,-81.3873,16.9524,53.555191430688126,-84
b28ba99b8d2a,2580,1,5,5,,36.3123392,59.5265641,1766046874274,HONOR/ALI-NX1,36.3123098,59.5266916,11.681,167.316,-36.9429,-0.253984,54.95347682695171,-82
b28ba99b8d2a,2581,1,5,5,,36.3123392,59.5265641,1766046881350,HONOR/ALI-NX1,36.3126061,59.5264456,17.298,340.557,-86.7163,-46.74,54.95347682695171,-79
b28ba99b8d2a,2582,1,5,5,,36.3123392,59.5265641,1766046889462,HONOR/ALI-NX1,36.3125775,59.526439,16.635,176.371,-83.3995,-12.0825,54.95347682695171,-81
b28ba99b8d2a,2583,1,5,5,,36.3123392,59.5265641,1766046897550,HONOR/ALI-NX1,36.312335,59.5265429,12.947,164.401,-64.8715,2.39359,54.95347682695171,-82
b28ba99b8d2a,2584,1,5,5,,36.3123392,59.5265641,1766046905640,HONOR/ALI-NX1,36.3125005,59.5265002,15.094,169.259,-40.6732,-0.524387,54.95347682695171,-87
b28ba99b8d2a,1228,1,5,5,,36.3123333,59.526566,1765446193731,Redmi/24117RN76G,36.3123592,59.5265506,4.333,156.586,-81.4058,16.0627,55.628926431889404,-82
b28ba99b8d2a,1229,1,5,5,,36.3123333,59.526566,1765446199795,Redmi/24117RN76G,36.3123519,59.5265356,4.266,251.759,-85.4271,8.51847,55.628926431889404,-84
b28ba99b8d2a,1230,1,5,5,,36.3123333,59.526566,1765446200806,Redmi/24117RN76G,36.3123519,59.5265356,4.266,249.048,-86.1781,2.70149,55.628926431889404,-84
b28ba99b8d2a,1231,1,5,5,,36.3123333,59.526566,1765446206870,Redmi/24117RN76G,36.3123517,59.526535,3.8,13.0624,-79.5976,22.246,55.628926431889404,-82
b28ba99b8d2a,1232,1,5,5,,36.3123333,59.526566,1765446207875,Redmi/24117RN76G,36.3123517,59.526535,3.8,8.40587,-81.4711,19.297,55.628926431889404,-82
b28ba99b8d2a,1233,1,5,5,,36.3123333,59.526566,1765446213937,Redmi/24117RN76G,36.3123549,59.5265525,3.7,33.9654,-80.2421,-2.31435,55.628926431889404,-68
b28ba99b8d2a,1234,1,5,5,,36.3123333,59.526566,1765446214946,Redmi/24117RN76G,36.3123549,59.5265525,3.7,59.7434,-79.2199,0.103183,55.628926431889404,-68
b28ba99b8d2a,1235,1,5,5,,36.3123333,59.526566,1765446221003,Redmi/24117RN76G,36.3123356,59.5265628,3.7,134.83,-81.4921,24.7114,55.628926431889404,-78
b28ba99b8d2a,1236,1,5,5,,36.3123333,59.526566,1765446222013,Redmi/24117RN76G,36.3123356,59.5265628,3.7,130.081,-82.0638,21.0846,55.628926431889404,-78
b28ba99b8d2a,2585,1,5,5,,36.3123221,59.5265713,1766046912728,HONOR/ALI-NX1,36.3124725,59.5264465,14.4,158.73,-40.2055,0.418608,56.96126912321927,-87
b28ba99b8d2a,2586,1,5,5,,36.3123221,59.5265713,1766046913743,HONOR/ALI-NX1,36.3124362,59.5264383,7.507,218.831,-86.7379,106.736,56.96126912321927,-84
b28ba99b8d2a,2587,1,5,5,,36.3123221,59.5265713,1766046921831,HONOR/ALI-NX1,36.3124642,59.5264748,8.738,336.235,-83.3704,-61.515,56.96126912321927,-77
b28ba99b8d2a,2588,1,5,5,,36.3123221,59.5265713,1766046925875,HONOR/ALI-NX1,36.3124642,59.5264748,8.738,328.387,-85.4173,6.39155,56.96126912321927,-77
b28ba99b8d2a,2589,1,5,5,,36.3123221,59.5265713,1766046935004,HONOR/ALI-NX1,36.3124926,59.5264955,6.122,206.866,-42.2463,-0.620204,56.96126912321927,-82
b28ba99b8d2a,1237,1,5,5,,36.3123156,59.5265732,1765446238267,Redmi/24117RN76G,36.3124145,59.5265855,3.566,155.822,-82.0647,18.7137,57.699728389701434,-78
b28ba99b8d2a,1238,1,5,5,,36.3123156,59.5265732,1765446244326,Redmi/24117RN76G,36.3124264,59.5265994,3.533,250.6,-83.9612,17.8287,57.699728389701434,-82
b28ba99b8d2a,1239,1,5,5,,36.3123156,59.5265732,1765446245337,Redmi/24117RN76G,36.3124264,59.5265994,3.533,240.002,-83.8284,4.04516,57.699728389701434,-82
b28ba99b8d2a,1240,1,5,5,,36.3123156,59.5265732,1765446249369,Redmi/24117RN76G,36.3124201,59.5265775,3.65,301.545,-80.2419,15.3027,57.699728389701434,-78
b28ba99b8d2a,1241,1,5,5,,36.3123156,59.5265732,1765446250374,Redmi/24117RN76G,36.3124201,59.5265775,3.65,309.835,-79.9676,8.59243,57.699728389701434,-78
b28ba99b8d2a,1242,1,5,5,,36.3123156,59.5265732,1765446256417,Redmi/24117RN76G,36.3123729,59.5265494,3.7,354.881,-82.0956,18.0814,57.699728389701434,-74
b28ba99b8d2a,1243,1,5,5,,36.3123156,59.5265732,1765446257435,Redmi/24117RN76G,36.3123729,59.5265494,3.7,345.101,-81.7743,9.15979,57.699728389701434,-74
b28ba99b8d2a,1244,1,5,5,,36.3123156,59.5265732,1765446263498,Redmi/24117RN76G,36.3124989,59.5264748,3.566,33.2171,-83.2351,-0.423367,57.699728389701434,-71
b28ba99b8d2a,1245,1,5,5,,36.3123156,59.5265732,1765446264518,Redmi/24117RN76G,36.3124989,59.5264748,3.566,34.1939,-82.2721,-0.518138,57.699728389701434,-71
b28ba99b8d2a,1246,1,5,5,,36.3123156,59.5265732,1765446270581,Redmi/24117RN76G,36.3124822,59.5265133,3.633,81.3146,-85.0039,-11.8149,57.699728389701434,-81
b28ba99b8d2a,1247,1,5,5,,36.3123156,59.5265732,1765446271595,Redmi/24117RN76G,36.3124822,59.5265133,3.633,139.758,-79.0853,21.6801,57.699728389701434,-81
b28ba99b8d2a,2590,1,5,5,,36.3123049,59.5265785,1766046942070,HONOR/ALI-NX1,36.3125287,59.5265026,11.593,178.866,-67.3177,-9.20382,58.97956386961973,-82
b28ba99b8d2a,2591,1,5,5,,36.3123049,59.5265785,1766046944105,HONOR/ALI-NX1,36.3125287,59.5265026,11.593,175.287,-85.1269,-23.8816,58.97956386961973,-82
b28ba99b8d2a,2592,1,5,5,,36.3123049,59.5265785,1766046951186,HONOR/ALI-NX1,36.3123452,59.5266255,10.643,310.632,-85.5364,5.09858,58.97956386961973,-75
b28ba99b8d2a,2593,1,5,5,,36.3123049,59.5265785,1766046960317,HONOR/ALI-NX1,36.3125416,59.5264995,13.993,154.199,-30.7965,-4.52429,58.97956386961973,-78
b28ba99b8d2a,2594,1,5,5,,36.3123049,59.5265785,1766046967383,HONOR/ALI-NX1,36.3125603,59.5264855,11.963,166.98,-34.0807,-3.9501,58.97956386961973,-83
b28ba99b8d2a,1248,1,5,5,,36.3122979,59.5265804,1765446282707,Redmi/24117RN76G,36.3123654,59.5265981,3.466,143.451,-80.4996,7.35616,59.770556888649196,-81
b28ba99b8d2a,1249,1,5,5,,36.3122979,59.5265804,1765446284722,Redmi/24117RN76G,36.3123521,59.5266031,3.433,166.897,-82.4809,10.2205,59.770556888649196,-84
b28ba99b8d2a,1250,1,5,5,,36.3122979,59.5265804,1765446285732,Redmi/24117RN76G,36.3123521,59.5266031,3.433,153.536,-82.9405,-4.69555,59.770556888649196,-84
b28ba99b8d2a,1251,1,5,5,,36.3122979,59.5265804,1765446291792,Redmi/24117RN76G,36.3123517,59.5266033,3.533,134.078,-46.106,-1.57688,59.770556888649196,-84
b28ba99b8d2a,1252,1,5,5,,36.3122979,59.5265804,1765446292804,Redmi/24117RN76G,36.3123517,59.5266033,3.533,146.731,-45.7506,2.80387,59.770556888649196,-84
b28ba99b8d2a,1253,1,5,5,,36.3122979,59.5265804,1765446298868,Redmi/24117RN76G,36.3123485,59.5264733,3.866,175.905,-68.7407,-4.63109,59.770556888649196,-76
b28ba99b8d2a,1254,1,5,5,,36.3122979,59.5265804,1765446299886,Redmi/24117RN76G,36.3123485,59.5264733,3.866,199.891,-84.3313,-17.3879,59.770556888649196,-76
b28ba99b8d2a,1255,1,5,5,,36.3122979,59.5265804,1765446307973,Redmi/24117RN76G,36.3123691,59.5264314,3.966,17.2352,-79.949,11.4146,59.770556888649196,-76
b28ba99b8d2a,1256,1,5,5,,36.3122979,59.5265804,1765446308982,Redmi/24117RN76G,36.312396,59.5264252,3.966,15.7332,-80.1952,10.893,59.770556888649196,-76
b28ba99b8d2a,1257,1,5,5,,36.3122979,59.5265804,1765446313032,Redmi/24117RN76G,36.312396,59.5264252,3.966,19.9239,-80.6635,-17.2137,59.770556888649196,-72
b28ba99b8d2a,1258,1,5,5,,36.3122979,59.5265804,1765446314046,Redmi/24117RN76G,36.3123918,59.5264553,4.233,111.235,-85.9716,33.8106,59.770556888649196,-72
b28ba99b8d2a,1259,1,5,5,,36.3122979,59.5265804,1765446320173,Redmi/24117RN76G,36.3123106,59.5265268,4.333,149.608,-80.8042,13.7747,59.770556888649196,-79
b28ba99b8d2a,2595,1,5,5,,36.3122878,59.5265857,1766046992660,HONOR/ALI-NX1,36.3123622,59.5265579,13.219,187.102,-35.4598,1.2405,60.98737054370435,-84
b28ba99b8d2a,2596,1,5,5,,36.3122878,59.5265857,1766046994690,HONOR/ALI-NX1,36.3123622,59.5265579,13.219,24.3078,-87.3607,117.876,60.98737054370435,-83
b28ba99b8d2a,2597,1,5,5,,36.3122878,59.5265857,1766047002793,HONOR/ALI-NX1,36.3123604,59.5264789,10.116,181.117,-83.595,-30.8175,60.98737054370435,-80
b28ba99b8d2a,2598,1,5,5,,36.3122878,59.5265857,1766047010902,HONOR/ALI-NX1,36.3123283,59.5266386,10.131,103.267,-73.3173,-2.93814,60.98737054370435,-80
b28ba99b8d2a,2599,1,5,5,,36.3122878,59.5265857,1766047018993,HONOR/ALI-NX1,36.3125674,59.5265217,11.739,184.148,-36.8054,0.968615,60.98737054370435,-85
b28ba99b8d2a,1260,1,5,5,,36.3122802,59.5265876,1765446330333,Redmi/24117RN76G,36.3123816,59.5265281,14.129,162.399,-82.11,18.5295,61.84140926703789,-82
b28ba99b8d2a,1261,1,5,5,,36.3122802,59.5265876,1765446334384,Redmi/24117RN76G,36.3125924,59.5264615,22.112,186.111,-83.1366,-29.7901,61.84140926703789,-74
b28ba99b8d2a,1262,1,5,5,,36.3122802,59.5265876,1765446335392,Redmi/24117RN76G,36.3125924,59.5264615,22.112,286.139,-83.1093,26.7682,61.84140926703789,-74
b28ba99b8d2a,1263,1,5,5,,36.3122802,59.5265876,1765446341467,Redmi/24117RN76G,36.3125963,59.5264623,13.014,34.7918,-79.3372,26.1618,61.84140926703789,-82
b28ba99b8d2a,1264,1,5,5,,36.3122802,59.5265876,1765446342481,Redmi/24117RN76G,36.3125963,59.5264623,13.014,13.373,-83.2186,5.63992,61.84140926703789,-82
b28ba99b8d2a,1265,1,5,5,,36.3122802,59.5265876,1765446348538,Redmi/24117RN76G,36.3123244,59.5265431,8.68,83.0072,-86.0913,5.21046,61.84140926703789,-82
b28ba99b8d2a,1266,1,5,5,,36.3122802,59.5265876,1765446349545,Redmi/24117RN76G,36.3123244,59.5265431,8.68,66.3076,-86.7375,-13.6112,61.84140926703789,-82
b28ba99b8d2a,1268,1,5,5,,36.3122802,59.5265876,1765446356630,Redmi/24117RN76G,36.3123085,59.526577,3.466,144.145,-70.127,-14.9126,61.84140926703789,-82
b28ba99b8d2a,1269,1,5,5,,36.3122802,59.5265876,1765446362722,Redmi/24117RN76G,36.3123131,59.5265911,3.333,184.647,-82.8906,6.15206,61.84140926703789,-81
b28ba99b8d2a,1270,1,5,5,,36.3122802,59.5265876,1765446363742,Redmi/24117RN76G,36.3123133,59.5265917,3.2,145.301,-79.2592,0.98971,61.84140926703789,-81
b28ba99b8d2a,2600,1,5,5,,36.3122634,59.526596,1766047046281,HONOR/ALI-NX1,36.3121774,59.5265708,10.35,47.1789,-75.5184,2.92265,63.853097769916914,-82
b28ba99b8d2a,2601,1,5,5,,36.3122634,59.526596,1766047051323,HONOR/ALI-NX1,36.3122227,59.5265983,10.337,299.729,-85.312,4.58028,63.853097769916914,-72
b28ba99b8d2a,2602,1,5,5,,36.3122634,59.526596,1766047060420,HONOR/ALI-NX1,36.3125235,59.5264988,14.411,126.039,-81.8705,-5.83857,63.853097769916914,-82
b28ba99b8d2a,2603,1,5,5,,36.3122634,59.526596,1766047068498,HONOR/ALI-NX1,36.3124894,59.5264968,13.552,146.431,-41.7443,-10.1637,63.853097769916914,-85
b28ba99b8d2a,2604,1,5,5,,36.3122634,59.526596,1766047076576,HONOR/ALI-NX1,36.3122456,59.5266502,10.238,306.221,-40.0942,-11.0657,63.853097769916914,-81
b28ba99b8d2a,1271,1,5,5,,36.3122625,59.5265948,1765446395321,Redmi/24117RN76G,36.3122872,59.526645,2.5,129.776,-79.4445,-0.672151,63.912283207446926,-83
b28ba99b8d2a,1272,1,5,5,,36.3122625,59.5265948,1765446398362,Redmi/24117RN76G,36.3122889,59.5266396,2.533,189.625,-75.7539,9.26769,63.912283207446926,-76
b28ba99b8d2a,1273,1,5,5,,36.3122625,59.5265948,1765446399375,Redmi/24117RN76G,36.3122889,59.5266396,2.533,192.314,-74.9483,10.4392,63.912283207446926,-76
b28ba99b8d2a,1275,1,5,5,,36.3122625,59.5265948,1765446406452,Redmi/24117RN76G,36.3122883,59.52664,2.566,17.1889,-80.1785,10.5627,63.912283207446926,-76
