com.samsung.shealth.tracker.pedometer_day_summary,6313013,7
create_sh_ver,step_count,binning_data,active_time,recommendation,modify_sh_ver,run_step_count,update_time,source_package_name,create_time,source_info,speed,distance,calorie,walk_step_count,deviceuuid,pkg_name,healthy_step,achievement,datauuid,day_time
62950170,51,9c5ed8b8-c7f4-4f97-83aa-2fc2311393c1.binning_data.json,34692,6000,62950170,0,2026-02-09 20:30:00.876,com.sec.android.app.shealth,2026-02-09 20:28:45.104,9c5ed8b8-c7f4-4f97-83aa-2fc2311393c1.source_info.json,1.0734358,37.239998,1.8500001,51,VfS0qUERdZ,com.sec.android.app.shealth,0,9c5ed8b8-c7f4-4f97-83aa-2fc2311393c1.achievement.json,9c5ed8b8-c7f4-4f97-83aa-2fc2311393c1,1770595200000,
62950170,51,3b5559eb-2e71-4496-8927-0fca3ee0b689.binning_data.json,34692,6000,62950170,0,2026-02-09 20:30:00.588,com.sec.android.app.shealth,2026-02-09 20:30:00.588,,1.0734358,37.239998,1.8500001,51,9D1LETwId9,com.sec.android.app.shealth,0,3b5559eb-2e71-4496-8927-0fca3ee0b689.achievement.json,3b5559eb-2e71-4496-8927-0fca3ee0b689,1770595200000,
62950170,2944,a1beb63e-d83c-484b-ba86-24988be50acd.binning_data.json,1907356,6000,63070030,8,2026-02-10 20:06:59.770,com.sec.android.app.shealth,2026-02-09 20:30:01.164,a1beb63e-d83c-484b-ba86-24988be50acd.source_info.json,1.162583,2217.46,112.71999,2936,VfS0qUERdZ,com.sec.android.app.shealth,0,a1beb63e-d83c-484b-ba86-24988be50acd.achievement.json,a1beb63e-d83c-484b-ba86-24988be50acd,1770681600000,
63070030,2944,e5c354a8-e8a9-42f4-b951-14d29ea2c5d7.binning_data.json,1907356,6000,63070030,8,2026-02-10 20:30:00.506,com.sec.android.app.shealth,2026-02-10 20:30:00.506,,1.162583,2217.46,112.71999,2936,9D1LETwId9,com.sec.android.app.shealth,0,e5c354a8-e8a9-42f4-b951-14d29ea2c5d7.achievement.json,e5c354a8-e8a9-42f4-b951-14d29ea2c5d7,1770681600000,
63070030,3751,6bcd8f83-bec4-43bc-b21d-c3a4c71e226a.binning_data.json,2339294,6000,63070030,8,2026-02-11 20:19:55.239,com.sec.android.app.shealth,2026-02-10 20:44:40.185,6bcd8f83-bec4-43bc-b21d-c3a4c71e226a.source_info.json,1.2114291,2833.89,144.34999,3743,VfS0qUERdZ,com.sec.android.app.shealth,0,6bcd8f83-bec4-43bc-b21d-c3a4c71e226a.achievement.json,6bcd8f83-bec4-43bc-b21d-c3a4c71e226a,1770768000000,
63070030,3751,e247fed4-f50d-4da6-9c3a-0dbc797b6f6b.binning_data.json,2339294,6000,63070030,8,2026-02-11 20:30:00.671,com.sec.android.app.shealth,2026-02-11 20:30:00.671,,1.2114291,2833.89,144.34999,3743,9D1LETwId9,com.sec.android.app.shealth,0,e247fed4-f50d-4da6-9c3a-0dbc797b6f6b.achievement.json,e247fed4-f50d-4da6-9c3a-0dbc797b6f6b,1770768000000,
63070030,2906,cb20fe76-8c2b-4448-a53a-4958c1948679.binning_data.json,1825725,6000,63070030,7,2026-02-12 20:11:38.836,com.sec.android.app.shealth,2026-02-11 21:04:28.134,cb20fe76-8c2b-4448-a53a-4958c1948679.source_info.json,1.2120991,2212.96,114.62,2899,VfS0qUERdZ,com.sec.android.app.shealth,0,cb20fe76-8c2b-4448-a53a-4958c1948679.achievement.json,cb20fe76-8c2b-4448-a53a-4958c1948679,1770854400000,
63070030,2906,cf892d18-5861-4b16-96e0-947f4a05b2b1.binning_data.json,1825725,6000,63070030,7,2026-02-12 20:30:00.866,com.sec.android.app.shealth,2026-02-12 20:30:00.866,,1.2120991,2212.96,114.62,2899,9D1LETwId9,com.sec.android.app.shealth,0,cf892d18-5861-4b16-96e0-947f4a05b2b1.achievement.json,cf892d18-5861-4b16-96e0-947f4a05b2b1,1770854400000,
63070030,3729,f9e6c3f6-e5b8-4697-9249-aa852806f4b6.binning_data.json,2254292,6000,63070030,12,2026-02-13 18:27:47.833,com.sec.android.app.shealth,2026-02-12 20:35:52.060,f9e6c3f6-e5b8-4697-9249-aa852806f4b6.source_info.json,1.2709978,2865.2,144.8,3717,VfS0qUERdZ,com.sec.android.app.shealth,0,f9e6c3f6-e5b8-4697-9249-aa852806f4b6.achievement.json,f9e6c3f6-e5b8-4697-9249-aa852806f4b6,1770940800000,
63070030,3729,9367c7d0-f9cd-477a-a823-9424214ccfe9.binning_data.json,2254292,6000,63070030,12,2026-02-13 20:30:00.799,com.sec.android.app.shealth,2026-02-13 20:30:00.799,,1.2709978,2865.2,144.8,3717,9D1LETwId9,com.sec.android.app.shealth,0,9367c7d0-f9cd-477a-a823-9424214ccfe9.achievement.json,9367c7d0-f9cd-477a-a823-9424214ccfe9,1770940800000,
63070030,4038,d601853d-457e-465f-b80d-c205bd6b8bbd.binning_data.json,2474149,6000,63070030,0,2026-02-14 19:38:46.160,com.sec.android.app.shealth,2026-02-13 20:43:40.695,d601853d-457e-465f-b80d-c205bd6b8bbd.source_info.json,1.2216398,3022.52,152.34,4038,VfS0qUERdZ,com.sec.android.app.shealth,0,d601853d-457e-465f-b80d-c205bd6b8bbd.achievement.json,d601853d-457e-465f-b80d-c205bd6b8bbd,1771027200000,
63070030,4038,b7325065-3477-4797-8421-14b7db746e84.binning_data.json,2474149,6000,63070030,0,2026-02-14 20:30:00.529,com.sec.android.app.shealth,2026-02-14 20:30:00.529,,1.2216398,3022.52,152.34,4038,9D1LETwId9,com.sec.android.app.shealth,0,b7325065-3477-4797-8421-14b7db746e84.achievement.json,b7325065-3477-4797-8421-14b7db746e84,1771027200000,
63070030,3095,072c53ca-376d-4018-8983-7d0e891e8fba.binning_data.json,1996361,6000,63070030,1,2026-02-15 20:05:45.524,com.sec.android.app.shealth,2026-02-14 20:44:51.029,072c53ca-376d-4018-8983-7d0e891e8fba.source_info.json,1.1712453,2338.23,119.84,3094,VfS0qUERdZ,com.sec.android.app.shealth,0,072c53ca-376d-4018-8983-7d0e891e8fba.achievement.json,072c53ca-376d-4018-8983-7d0e891e8fba,1771113600000,
63070030,3095,d2780c8c-00cd-48b0-aa78-179861f4f835.binning_data.json,1996361,6000,63070030,1,2026-02-15 20:30:00.885,com.sec.android.app.shealth,2026-02-15 20:30:00.885,,1.1712453,2338.23,119.84,3094,9D1LETwId9,com.sec.android.app.shealth,0,d2780c8c-00cd-48b0-aa78-179861f4f835.achievement.json,d2780c8c-00cd-48b0-aa78-179861f4f835,1771113600000,
63070030,6760,6a1477ea-8219-4ac6-8886-d0d800a4fcdd.binning_data.json,4104347,6000,63070030,18,2026-02-16 19:59:47.694,com.sec.android.app.shealth,2026-02-15 21:19:29.144,6a1477ea-8219-4ac6-8886-d0d800a4fcdd.source_info.json,1.2491609,5126.9897,214.82999,6742,VfS0qUERdZ,com.sec.android.app.shealth,0,6a1477ea-8219-4ac6-8886-d0d800a4fcdd.achievement.json,6a1477ea-8219-4ac6-8886-d0d800a4fcdd,1771200000000,
63070030,6760,f32d4e2e-8b5c-42fe-8196-0684c209b6b9.binning_data.json,4104347,6000,63070030,18,2026-02-16 20:30:01.442,com.sec.android.app.shealth,2026-02-16 20:30:01.442,,1.2491609,5126.9897,214.82999,6742,9D1LETwId9,com.sec.android.app.shealth,0,f32d4e2e-8b5c-42fe-8196-0684c209b6b9.achievement.json,f32d4e2e-8b5c-42fe-8196-0684c209b6b9,1771200000000,
63070030,3058,f9c0c221-a608-4db9-a1b8-9acf82df9770.binning_data.json,1918548,6000,63070030,2,2026-02-17 19:58:34.061,com.sec.android.app.shealth,2026-02-16 20:31:44.402,f9c0c221-a608-4db9-a1b8-9acf82df9770.source_info.json,1.221934,2344.34,100.16999,3056,VfS0qUERdZ,com.sec.android.app.shealth,0,f9c0c221-a608-4db9-a1b8-9acf82df9770.achievement.json,f9c0c221-a608-4db9-a1b8-9acf82df9770,1771286400000,
63070030,3058,483422c2-311d-491f-bd29-c8f6c61e4645.binning_data.json,1918548,6000,63070030,2,2026-02-17 20:30:00.601,com.sec.android.app.shealth,2026-02-17 20:30:00.601,,1.221934,2344.34,100.16999,3056,9D1LETwId9,com.sec.android.app.shealth,0,483422c2-311d-491f-bd29-c8f6c61e4645.achievement.json,483422c2-311d-491f-bd29-c8f6c61e4645,1771286400000,
63070030,4073,91da434a-56cf-470a-8562-865e33ed98b1.binning_data.json,2550610,6000,63070030,4,2026-02-19 20:30:01.331,com.sec.android.app.shealth,2026-02-17 20:30:09.779,91da434a-56cf-470a-8562-865e33ed98b1.source_info.json,1.1942396,3046.04,128.71999,4069,VfS0qUERdZ,com.sec.android.app.shealth,0,91da434a-56cf-470a-8562-865e33ed98b1.achievement.json,91da434a-56cf-470a-8562-865e33ed98b1,1771372800000,
63070030,4073,cff379d1-4de4-40a5-8b81-952e34eb0812.binning_data.json,2550610,6000,63070030,4,2026-02-18 20:30:17.893,com.sec.android.app.shealth,2026-02-18 20:30:00.671,,1.1942396,3046.04,128.71999,4069,9D1LETwId9,com.sec.android.app.shealth,0,cff379d1-4de4-40a5-8b81-952e34eb0812.achievement.json,cff379d1-4de4-40a5-8b81-952e34eb0812,1771372800000,
63070030,3945,7035444c-e695-4716-a3fb-145c5486c949.binning_data.json,2462182,6000,63070030,6,2026-02-19 20:30:00.991,com.sec.android.app.shealth,2026-02-18 20:30:17.886,,1.2049189,2966.73,124.91998,3939,9D1LETwId9,com.sec.android.app.shealth,0,7035444c-e695-4716-a3fb-145c5486c949.achievement.json,7035444c-e695-4716-a3fb-145c5486c949,1771459200000,
63070030,3945,8a57caea-46ff-4cef-8051-05753a6ad540.binning_data.json,2462182,6000,63070030,6,2026-02-19 20:21:19.747,com.sec.android.app.shealth,2026-02-18 20:30:18.151,8a57caea-46ff-4cef-8051-05753a6ad540.source_info.json,1.2049189,2966.73,124.91998,3939,VfS0qUERdZ,com.sec.android.app.shealth,0,8a57caea-46ff-4cef-8051-05753a6ad540.achievement.json,8a57caea-46ff-4cef-8051-05753a6ad540,1771459200000,
63070030,4943,81f25717-fde9-41cf-ad61-9c1c4d4effa4.binning_data.json,2962809,6000,63070030,16,2026-02-20 20:23:01.097,com.sec.android.app.shealth,2026-02-19 20:31:08.850,81f25717-fde9-41cf-ad61-9c1c4d4effa4.source_info.json,1.273072,3771.87,157.46999,4927,VfS0qUERdZ,com.sec.android.app.shealth,0,81f25717-fde9-41cf-ad61-9c1c4d4effa4.achievement.json,81f25717-fde9-41cf-ad61-9c1c4d4effa4,1771545600000,
63070030,4943,f88dea23-4d6e-40a3-8888-c415075a69d5.binning_data.json,2962809,6000,63070030,16,2026-02-20 20:30:01.732,com.sec.android.app.shealth,2026-02-20 20:30:01.732,,1.273072,3771.87,157.46999,4927,9D1LETwId9,com.sec.android.app.shealth,0,f88dea23-4d6e-40a3-8888-c415075a69d5.achievement.json,f88dea23-4d6e-40a3-8888-c415075a69d5,1771545600000,
63070030,13535,e570af02-87eb-4cfa-9a26-a805179da394.binning_data.json,8078488,6000,63070030,19,2026-02-21 20:24:21.010,com.sec.android.app.shealth,2026-02-20 21:11:13.561,e570af02-87eb-4cfa-9a26-a805179da394.source_info.json,1.2616396,10192.14,417.38998,13516,VfS0qUERdZ,com.sec.android.app.shealth,0,e570af02-87eb-4cfa-9a26-a805179da394.achievement.json,e570af02-87eb-4cfa-9a26-a805179da394,1771632000000,
63070030,13535,70c31c25-d600-4aac-913b-a16b835241b8.binning_data.json,8078488,6000,63070030,19,2026-02-21 20:30:00.870,com.sec.android.app.shealth,2026-02-21 20:30:00.870,,1.2616396,10192.14,417.38998,13516,9D1LETwId9,com.sec.android.app.shealth,0,70c31c25-d600-4aac-913b-a16b835241b8.achievement.json,70c31c25-d600-4aac-913b-a16b835241b8,1771632000000,
63070030,3893,0dd7b513-5f64-4a27-b5ef-367305f8159a.binning_data.json,2483520,6000,63070030,0,2026-02-22 19:31:45.086,com.sec.android.app.shealth,2026-02-21 21:26:30.832,0dd7b513-5f64-4a27-b5ef-367305f8159a.source_info.json,1.1725574,2912.07,123.01999,3893,VfS0qUERdZ,com.sec.android.app.shealth,0,0dd7b513-5f64-4a27-b5ef-367305f8159a.achievement.json,0dd7b513-5f64-4a27-b5ef-367305f8159a,1771718400000,
63070030,3893,d2676a7e-d32a-4682-81de-fd8070a7d4c6.binning_data.json,2483520,6000,63070030,0,2026-02-22 20:30:01.013,com.sec.android.app.shealth,2026-02-22 20:30:01.013,,1.1725574,2912.07,123.01999,3893,9D1LETwId9,com.sec.android.app.shealth,0,d2676a7e-d32a-4682-81de-fd8070a7d4c6.achievement.json,d2676a7e-d32a-4682-81de-fd8070a7d4c6,1771718400000,
63070030,3210,c1b839d0-0993-49bd-bfc7-1914198008d6.binning_data.json,2045848,6000,63070030,2,2026-02-23 20:29:28.174,com.sec.android.app.shealth,2026-02-22 21:18:59.789,c1b839d0-0993-49bd-bfc7-1914198008d6.source_info.json,1.1796522,2413.39,103.179985,3208,VfS0qUERdZ,com.sec.android.app.shealth,0,c1b839d0-0993-49bd-bfc7-1914198008d6.achievement.json,c1b839d0-0993-49bd-bfc7-1914198008d6,1771804800000,
63070030,3210,ecb9f992-1f37-4b36-bc63-f0c661e3fc7b.binning_data.json,2045848,6000,63070030,2,2026-02-23 20:30:00.847,com.sec.android.app.shealth,2026-02-23 20:30:00.847,,1.1796522,2413.39,103.179985,3208,9D1LETwId9,com.sec.android.app.shealth,0,ecb9f992-1f37-4b36-bc63-f0c661e3fc7b.achievement.json,ecb9f992-1f37-4b36-bc63-f0c661e3fc7b,1771804800000,
63070030,2034,c005227b-a447-48b5-89d3-462dfb717d43.binning_data.json,1355675,6000,63070030,2,2026-02-24 20:24:17.467,com.sec.android.app.shealth,2026-02-23 20:31:29.174,c005227b-a447-48b5-89d3-462dfb717d43.source_info.json,1.1145296,1510.94,65.51999,2032,VfS0qUERdZ,com.sec.android.app.shealth,0,c005227b-a447-48b5-89d3-462dfb717d43.achievement.json,c005227b-a447-48b5-89d3-462dfb717d43,1771891200000,
63070030,2034,74287da2-277a-4984-a7c5-30b8659e8de9.binning_data.json,1355675,6000,63070030,2,2026-02-24 20:30:00.784,com.sec.android.app.shealth,2026-02-24 20:30:00.784,,1.1145296,1510.94,65.51999,2032,9D1LETwId9,com.sec.android.app.shealth,0,74287da2-277a-4984-a7c5-30b8659e8de9.achievement.json,74287da2-277a-4984-a7c5-30b8659e8de9,1771891200000,
63070030,5773,3d882378-5bfe-4693-93b7-d32103c94c67.binning_data.json,3498175,6000,63070030,3,2026-02-25 20:07:34.246,com.sec.android.app.shealth,2026-02-24 20:43:18.862,3d882378-5bfe-4693-93b7-d32103c94c67.source_info.json,1.2495599,4371.1797,182.43,5770,VfS0qUERdZ,com.sec.android.app.shealth,0,3d882378-5bfe-4693-93b7-d32103c94c67.achievement.json,3d882378-5bfe-4693-93b7-d32103c94c67,1771977600000,
63070030,5773,58a57ab3-ca2f-4ccf-a8ca-1b6073370e52.binning_data.json,3498175,6000,63070030,3,2026-02-25 20:30:01.092,com.sec.android.app.shealth,2026-02-25 20:30:01.092,,1.2495599,4371.1797,182.43,5770,9D1LETwId9,com.sec.android.app.shealth,0,58a57ab3-ca2f-4ccf-a8ca-1b6073370e52.achievement.json,58a57ab3-ca2f-4ccf-a8ca-1b6073370e52,1771977600000,
63070030,3609,4ec9448a-fe89-4623-964d-7999ef1c924c.binning_data.json,2300111,6000,63070030,3,2026-02-26 20:04:13.747,com.sec.android.app.shealth,2026-02-25 21:05:23.700,4ec9448a-fe89-4623-964d-7999ef1c924c.source_info.json,1.1866208,2729.36,117.10999,3606,VfS0qUERdZ,com.sec.android.app.shealth,0,4ec9448a-fe89-4623-964d-7999ef1c924c.achievement.json,4ec9448a-fe89-4623-964d-7999ef1c924c,1772064000000,
63070030,3609,86828257-9d30-48b1-861d-6f120ee3420b.binning_data.json,2300111,6000,63070030,3,2026-02-26 20:30:01.622,com.sec.android.app.shealth,2026-02-26 20:30:01.622,,1.1866208,2729.36,117.10999,3606,9D1LETwId9,com.sec.android.app.shealth,0,86828257-9d30-48b1-861d-6f120ee3420b.achievement.json,86828257-9d30-48b1-861d-6f120ee3420b,1772064000000,
63070030,2643,06519fce-26f3-4ae7-9ea8-bfd1478b9ca8.binning_data.json,1791087,6000,63070030,0,2026-02-27 19:49:49.561,com.sec.android.app.shealth,2026-02-26 21:02:50.248,06519fce-26f3-4ae7-9ea8-bfd1478b9ca8.source_info.json,1.0958762,1962.81,84.75999,2643,VfS0qUERdZ,com.sec.android.app.shealth,0,06519fce-26f3-4ae7-9ea8-bfd1478b9ca8.achievement.json,06519fce-26f3-4ae7-9ea8-bfd1478b9ca8,1772150400000,
63070030,2643,7fbb9d59-0d27-4fcb-aa3c-86383d3907c6.binning_data.json,1791087,6000,63070030,0,2026-02-27 20:30:00.508,com.sec.android.app.shealth,2026-02-27 20:30:00.508,,1.0958762,1962.81,84.75999,2643,9D1LETwId9,com.sec.android.app.shealth,0,7fbb9d59-0d27-4fcb-aa3c-86383d3907c6.achievement.json,7fbb9d59-0d27-4fcb-aa3c-86383d3907c6,1772150400000,
63070030,6579,9cc2cf45-3b1e-48f3-b098-61d5a0799656.binning_data.json,3843475,6000,63070030,4,2026-02-28 20:13:59.319,com.sec.android.app.shealth,2026-02-27 20:52:43.022,9cc2cf45-3b1e-48f3-b098-61d5a0799656.source_info.json,1.3127027,5045.3403,207.38998,6575,VfS0qUERdZ,com.sec.android.app.shealth,0,9cc2cf45-3b1e-48f3-b098-61d5a0799656.achievement.json,9cc2cf45-3b1e-48f3-b098-61d5a0799656,1772236800000,
63070030,6579,6bde4a88-7d07-4035-9d73-571753363461.binning_data.json,3843475,6000,63070030,4,2026-02-28 20:30:01.036,com.sec.android.app.shealth,2026-02-28 20:30:01.036,,1.3127027,5045.3403,207.38998,6575,9D1LETwId9,com.sec.android.app.shealth,0,6bde4a88-7d07-4035-9d73-571753363461.achievement.json,6bde4a88-7d07-4035-9d73-571753363461,1772236800000,
63070030,1889,a34cb321-1b72-449a-a876-3d89ffb4cf92.binning_data.json,1251028,6000,63070030,8,2026-03-01 20:07:37.937,com.sec.android.app.shealth,2026-02-28 21:10:45.812,a34cb321-1b72-449a-a876-3d89ffb4cf92.source_info.json,1.1502701,1439.02,63.079994,1881,VfS0qUERdZ,com.sec.android.app.shealth,0,a34cb321-1b72-449a-a876-3d89ffb4cf92.achievement.json,a34cb321-1b72-449a-a876-3d89ffb4cf92,1772323200000,
63070030,1889,b70392f7-0682-4325-ae87-59dd45b104ab.binning_data.json,1251028,6000,63070030,8,2026-03-01 20:30:00.733,com.sec.android.app.shealth,2026-03-01 20:30:00.733,,1.1502701,1439.02,63.079994,1881,9D1LETwId9,com.sec.android.app.shealth,0,b70392f7-0682-4325-ae87-59dd45b104ab.achievement.json,b70392f7-0682-4325-ae87-59dd45b104ab,1772323200000,
63070030,3540,bed6169a-85ee-468f-aeed-25696f7d3e61.binning_data.json,2098982,6000,63070030,24,2026-03-02 19:54:35.490,com.sec.android.app.shealth,2026-03-01 20:57:03.962,bed6169a-85ee-468f-aeed-25696f7d3e61.source_info.json,1.3287867,2789.1,119.19999,3516,VfS0qUERdZ,com.sec.android.app.shealth,0,bed6169a-85ee-468f-aeed-25696f7d3e61.achievement.json,bed6169a-85ee-468f-aeed-25696f7d3e61,1772409600000,
63070030,3540,24cb8055-64dd-4c44-a52c-58a688dcc6e7.binning_data.json,2098982,6000,63070030,24,2026-03-02 20:30:02.320,com.sec.android.app.shealth,2026-03-02 20:30:02.320,,1.3287867,2789.1,119.19999,3516,9D1LETwId9,com.sec.android.app.shealth,0,24cb8055-64dd-4c44-a52c-58a688dcc6e7.achievement.json,24cb8055-64dd-4c44-a52c-58a688dcc6e7,1772409600000,
63070030,2247,39a02a90-2f31-4149-8aaf-99b8c0b70dc3.binning_data.json,1467946,6000,63070030,4,2026-03-04 20:30:01.102,com.sec.android.app.shealth,2026-03-02 21:08:07.753,39a02a90-2f31-4149-8aaf-99b8c0b70dc3.source_info.json,1.1578964,1699.73,74.31,2243,VfS0qUERdZ,com.sec.android.app.shealth,0,39a02a90-2f31-4149-8aaf-99b8c0b70dc3.achievement.json,39a02a90-2f31-4149-8aaf-99b8c0b70dc3,1772496000000,
63070030,2247,a9d60ceb-56d0-4436-aed8-32faab8ae4a1.binning_data.json,1467946,6000,63070030,4,2026-03-03 20:30:44.756,com.sec.android.app.shealth,2026-03-03 20:30:01.348,,1.1578964,1699.73,74.31,2243,9D1LETwId9,com.sec.android.app.shealth,0,a9d60ceb-56d0-4436-aed8-32faab8ae4a1.achievement.json,a9d60ceb-56d0-4436-aed8-32faab8ae4a1,1772496000000,
63070030,2937,6ee47dba-2ddd-482a-ba7d-15aa898b5b59.binning_data.json,1911036,6000,63070030,1,2026-03-04 20:02:11.643,com.sec.android.app.shealth,2026-03-03 20:30:46.310,6ee47dba-2ddd-482a-ba7d-15aa898b5b59.source_info.json,1.146723,2191.43,93.74999,2936,VfS0qUERdZ,com.sec.android.app.shealth,0,6ee47dba-2ddd-482a-ba7d-15aa898b5b59.achievement.json,6ee47dba-2ddd-482a-ba7d-15aa898b5b59,1772582400000,
63070030,2937,770d1ffb-c877-429c-8454-4d9d1f6f1c9c.binning_data.json,1911036,6000,63070030,1,2026-03-04 20:30:00.664,com.sec.android.app.shealth,2026-03-04 20:30:00.664,,1.146723,2191.43,93.74999,2936,9D1LETwId9,com.sec.android.app.shealth,0,770d1ffb-c877-429c-8454-4d9d1f6f1c9c.achievement.json,770d1ffb-c877-429c-8454-4d9d1f6f1c9c,1772582400000,
63070030,5514,5d2763c4-6042-4bd2-be94-4ff45048da9e.binning_data.json,3315392,6000,63110130,18,2026-03-05 20:24:00.572,com.sec.android.app.shealth,2026-03-04 21:18:35.158,5d2763c4-6042-4bd2-be94-4ff45048da9e.source_info.json,1.2706248,4212.62,176.79,5496,VfS0qUERdZ,com.sec.android.app.shealth,0,5d2763c4-6042-4bd2-be94-4ff45048da9e.achievement.json,5d2763c4-6042-4bd2-be94-4ff45048da9e,1772668800000,
63110130,5514,7f994b2d-2ff9-4489-a6e5-69edc583158b.binning_data.json,3315392,6000,63110130,18,2026-03-05 20:30:01.032,com.sec.android.app.shealth,2026-03-05 20:30:01.032,,1.2706248,4212.62,176.79,5496,9D1LETwId9,com.sec.android.app.shealth,0,7f994b2d-2ff9-4489-a6e5-69edc583158b.achievement.json,7f994b2d-2ff9-4489-a6e5-69edc583158b,1772668800000,
63110130,4614,7e19212e-4b57-46e2-95c3-e48cea532728.binning_data.json,2825714,6000,63110130,3,2026-03-06 19:35:26.183,com.sec.android.app.shealth,2026-03-05 20:35:33.279,7e19212e-4b57-46e2-95c3-e48cea532728.source_info.json,1.2445593,3516.77,147.57999,4611,VfS0qUERdZ,com.sec.android.app.shealth,0,7e19212e-4b57-46e2-95c3-e48cea532728.achievement.json,7e19212e-4b57-46e2-95c3-e48cea532728,1772755200000,
63110130,4614,1e8dc9d0-31d4-47cd-b017-02f8a3f892b3.binning_data.json,2825714,6000,63110130,3,2026-03-06 20:30:02.028,com.sec.android.app.shealth,2026-03-06 20:30:02.028,,1.2445593,3516.77,147.57999,4611,9D1LETwId9,com.sec.android.app.shealth,0,1e8dc9d0-31d4-47cd-b017-02f8a3f892b3.achievement.json,1e8dc9d0-31d4-47cd-b017-02f8a3f892b3,1772755200000,
63110130,4253,62163e0e-9299-4858-aff8-f87c37162425.binning_data.json,2648288,6000,63110130,1,2026-03-07 19:42:26.012,com.sec.android.app.shealth,2026-03-06 21:36:01.982,62163e0e-9299-4858-aff8-f87c37162425.source_info.json,1.2033584,3186.8398,134.23,4252,VfS0qUERdZ,com.sec.android.app.shealth,0,62163e0e-9299-4858-aff8-f87c37162425.achievement.json,62163e0e-9299-4858-aff8-f87c37162425,1772841600000,
63110130,4253,6a88f8f8-be75-4081-bfc8-aa3d1c97b774.binning_data.json,2648288,6000,63110130,1,2026-03-07 20:30:00.840,com.sec.android.app.shealth,2026-03-07 20:30:00.840,,1.2033584,3186.8398,134.23,4252,9D1LETwId9,com.sec.android.app.shealth,0,6a88f8f8-be75-4081-bfc8-aa3d1c97b774.achievement.json,6a88f8f8-be75-4081-bfc8-aa3d1c97b774,1772841600000,
63110130,3377,e23a71f1-61a8-4d11-bee6-575589d18e36.binning_data.json,2062970,6000,63110130,4,2026-03-08 19:41:24.951,com.sec.android.app.shealth,2026-03-07 20:37:58.801,e23a71f1-61a8-4d11-bee6-575589d18e36.source_info.json,1.2409728,2560.09,107.70999,3373,VfS0qUERdZ,com.sec.android.app.shealth,0,e23a71f1-61a8-4d11-bee6-575589d18e36.achievement.json,e23a71f1-61a8-4d11-bee6-575589d18e36,1772928000000,
63110130,3377,7248cb3c-209a-4533-b3ac-af03fdf8750c.binning_data.json,2062970,6000,63110130,4,2026-03-08 20:30:01.009,com.sec.android.app.shealth,2026-03-08 20:30:01.009,,1.2409728,2560.09,107.70999,3373,9D1LETwId9,com.sec.android.app.shealth,0,7248cb3c-209a-4533-b3ac-af03fdf8750c.achievement.json,7248cb3c-209a-4533-b3ac-af03fdf8750c,1772928000000,
63110130,1498,eafd8b6c-adbf-4c6c-b69c-69eeb5963d64.binning_data.json,961588,6000,63110130,1,2026-03-09 20:30:00.941,com.sec.android.app.shealth,2026-03-08 21:41:07.656,eafd8b6c-adbf-4c6c-b69c-69eeb5963d64.source_info.json,1.2150621,1168.39,50.969997,1497,VfS0qUERdZ,com.sec.android.app.shealth,0,eafd8b6c-adbf-4c6c-b69c-69eeb5963d64.achievement.json,eafd8b6c-adbf-4c6c-b69c-69eeb5963d64,1773014400000,
63110130,1498,141ca264-785d-40b6-b74a-fe4ab8443dc2.binning_data.json,961588,6000,63110130,1,2026-03-09 20:30:00.720,com.sec.android.app.shealth,2026-03-09 20:30:00.720,,1.2150621,1168.39,50.969997,1497,9D1LETwId9,com.sec.android.app.shealth,0,141ca264-785d-40b6-b74a-fe4ab8443dc2.achievement.json,141ca264-785d-40b6-b74a-fe4ab8443dc2,1773014400000,
63110130,2829,3a004cb8-8d0e-4b87-9ce5-35049e6f7b84.binning_data.json,1725583,6000,63110130,2,2026-03-10 19:52:41.581,com.sec.android.app.shealth,2026-03-09 20:32:52.769,3a004cb8-8d0e-4b87-9ce5-35049e6f7b84.source_info.json,1.2544858,2164.72,91.079994,2827,VfS0qUERdZ,com.sec.android.app.shealth,0,3a004cb8-8d0e-4b87-9ce5-35049e6f7b84.achievement.json,3a004cb8-8d0e-4b87-9ce5-35049e6f7b84,1773100800000,
63110130,2829,4be9c8bc-67a3-43c4-a71c-55e673636c79.binning_data.json,1725583,6000,63110130,2,2026-03-10 20:30:00.829,com.sec.android.app.shealth,2026-03-10 20:30:00.829,,1.2544858,2164.72,91.079994,2827,9D1LETwId9,com.sec.android.app.shealth,0,4be9c8bc-67a3-43c4-a71c-55e673636c79.achievement.json,4be9c8bc-67a3-43c4-a71c-55e673636c79,1773100800000,
63110130,3071,f25ff652-1054-4d18-897b-e3d0131912e0.binning_data.json,1806114,6000,63110130,3,2026-03-11 17:51:14.392,com.sec.android.app.shealth,2026-03-10 20:57:28.154,f25ff652-1054-4d18-897b-e3d0131912e0.source_info.json,1.2965292,2341.68,97.2,3068,VfS0qUERdZ,com.sec.android.app.shealth,0,f25ff652-1054-4d18-897b-e3d0131912e0.achievement.json,f25ff652-1054-4d18-897b-e3d0131912e0,1773187200000,
63110130,3071,d7cbf18a-a158-4f9d-833d-32661b3d8c84.binning_data.json,1806114,6000,63110130,3,2026-03-11 20:30:01.153,com.sec.android.app.shealth,2026-03-11 20:30:01.153,,1.2965292,2341.68,97.2,3068,9D1LETwId9,com.sec.android.app.shealth,0,d7cbf18a-a158-4f9d-833d-32661b3d8c84.achievement.json,d7cbf18a-a158-4f9d-833d-32661b3d8c84,1773187200000,
63110130,4368,300a934d-dc51-4281-b678-4d8d2271cf1c.binning_data.json,2561277,6000,63110130,11,2026-03-12 20:22:17.487,com.sec.android.app.shealth,2026-03-11 20:45:42.645,300a934d-dc51-4281-b678-4d8d2271cf1c.source_info.json,1.3071328,3347.93,139.32999,4357,VfS0qUERdZ,com.sec.android.app.shealth,0,300a934d-dc51-4281-b678-4d8d2271cf1c.achievement.json,300a934d-dc51-4281-b678-4d8d2271cf1c,1773273600000,
63110130,4368,d1fdcb32-9d45-452d-b149-450ee8d88eb4.binning_data.json,2561277,6000,63110130,11,2026-03-12 20:30:00.897,com.sec.android.app.shealth,2026-03-12 20:30:00.897,,1.3071328,3347.93,139.32999,4357,9D1LETwId9,com.sec.android.app.shealth,0,d1fdcb32-9d45-452d-b149-450ee8d88eb4.achievement.json,d1fdcb32-9d45-452d-b149-450ee8d88eb4,1773273600000,
63110130,2243,5f4d8271-3357-484d-b9ad-46719690676e.binning_data.json,1452004,6000,63110130,2,2026-03-13 20:29:35.188,com.sec.android.app.shealth,2026-03-12 20:47:29.244,5f4d8271-3357-484d-b9ad-46719690676e.source_info.json,1.1545212,1676.3701,72.20999,2241,VfS0qUERdZ,com.sec.android.app.shealth,0,5f4d8271-3357-484d-b9ad-46719690676e.achievement.json,5f4d8271-3357-484d-b9ad-46719690676e,1773360000000,
63110130,2243,b79d1894-a1c0-4acb-9539-57582728ccb3.binning_data.json,1452004,6000,63110130,2,2026-03-13 20:30:00.655,com.sec.android.app.shealth,2026-03-13 20:30:00.655,,1.1545212,1676.3701,72.20999,2241,9D1LETwId9,com.sec.android.app.shealth,0,b79d1894-a1c0-4acb-9539-57582728ccb3.achievement.json,b79d1894-a1c0-4acb-9539-57582728ccb3,1773360000000,
63110130,3560,adf88b4d-f669-4058-9b98-3f5272da9800.binning_data.json,2183514,6000,63110130,7,2026-03-14 19:42:24.236,com.sec.android.app.shealth,2026-03-13 20:32:42.569,adf88b4d-f669-4058-9b98-3f5272da9800.source_info.json,1.2349038,2696.43,113.70999,3553,VfS0qUERdZ,com.sec.android.app.shealth,0,adf88b4d-f669-4058-9b98-3f5272da9800.achievement.json,adf88b4d-f669-4058-9b98-3f5272da9800,1773446400000,
63110130,3560,4562f820-5e9d-4bcc-9339-0aa24593a084.binning_data.json,2183514,6000,63110130,7,2026-03-14 20:30:02.062,com.sec.android.app.shealth,2026-03-14 20:30:02.062,,1.2349038,2696.43,113.70999,3553,9D1LETwId9,com.sec.android.app.shealth,0,4562f820-5e9d-4bcc-9339-0aa24593a084.achievement.json,4562f820-5e9d-4bcc-9339-0aa24593a084,1773446400000,
63110130,3825,d9be47d9-d40d-4516-bbff-e355bf87a167.binning_data.json,2320928,6000,63110130,5,2026-03-15 20:20:17.646,com.sec.android.app.shealth,2026-03-14 21:37:02.868,d9be47d9-d40d-4516-bbff-e355bf87a167.source_info.json,1.2507405,2902.88,121.399994,3820,VfS0qUERdZ,com.sec.android.app.shealth,0,d9be47d9-d40d-4516-bbff-e355bf87a167.achievement.json,d9be47d9-d40d-4516-bbff-e355bf87a167,1773532800000,
63110130,3825,a7ecd76b-74ea-44c9-9d8d-51c0f6e8cbd2.binning_data.json,2320928,6000,63110130,5,2026-03-15 20:30:01.166,com.sec.android.app.shealth,2026-03-15 20:30:01.166,,1.2507405,2902.88,121.399994,3820,9D1LETwId9,com.sec.android.app.shealth,0,a7ecd76b-74ea-44c9-9d8d-51c0f6e8cbd2.achievement.json,a7ecd76b-74ea-44c9-9d8d-51c0f6e8cbd2,1773532800000,
63110130,2684,2915c335-075a-4de5-987e-44029485a819.binning_data.json,1668865,6000,63110130,1,2026-03-16 19:48:04.562,com.sec.android.app.shealth,2026-03-15 22:00:55.807,2915c335-075a-4de5-987e-44029485a819.source_info.json,1.2285655,2050.31,87.399994,2683,VfS0qUERdZ,com.sec.android.app.shealth,0,2915c335-075a-4de5-987e-44029485a819.achievement.json,2915c335-075a-4de5-987e-44029485a819,1773619200000,
63110130,2684,48151979-23f2-48b0-9253-bee0163ed395.binning_data.json,1668865,6000,63110130,1,2026-03-16 20:30:00.992,com.sec.android.app.shealth,2026-03-16 20:30:00.992,,1.2285655,2050.31,87.399994,2683,9D1LETwId9,com.sec.android.app.shealth,0,48151979-23f2-48b0-9253-bee0163ed395.achievement.json,48151979-23f2-48b0-9253-bee0163ed395,1773619200000,
63110130,2772,a0eb2628-8568-422e-bb66-b601be38635c.binning_data.json,1756500,6000,63110130,2,2026-03-17 17:46:56.483,com.sec.android.app.shealth,2026-03-16 21:34:41.006,a0eb2628-8568-422e-bb66-b601be38635c.source_info.json,1.172929,2060.25,87.189995,2770,VfS0qUERdZ,com.sec.android.app.shealth,0,a0eb2628-8568-422e-bb66-b601be38635c.achievement.json,a0eb2628-8568-422e-bb66-b601be38635c,1773705600000,
63110130,2772,c41cd1eb-8d6b-48f0-8858-5fef9b4e4fdc.binning_data.json,1756500,6000,63110130,2,2026-03-17 20:30:01.002,com.sec.android.app.shealth,2026-03-17 20:30:01.002,,1.172929,2060.25,87.189995,2770,9D1LETwId9,com.sec.android.app.shealth,0,c41cd1eb-8d6b-48f0-8858-5fef9b4e4fdc.achievement.json,c41cd1eb-8d6b-48f0-8858-5fef9b4e4fdc,1773705600000,
63110130,5670,777099bb-e260-4ca1-939b-cb438bb999a5.binning_data.json,3308000,6000,63110130,20,2026-03-18 19:51:39.931,com.sec.android.app.shealth,2026-03-17 20:41:55.719,777099bb-e260-4ca1-939b-cb438bb999a5.source_info.json,1.3186396,4362.06,180.55998,5650,VfS0qUERdZ,com.sec.android.app.shealth,0,777099bb-e260-4ca1-939b-cb438bb999a5.achievement.json,777099bb-e260-4ca1-939b-cb438bb999a5,1773792000000,
63110130,5670,d84f0de4-1cf1-47f0-b15c-980ec66acc8f.binning_data.json,3308000,6000,63110130,20,2026-03-18 20:30:00.787,com.sec.android.app.shealth,2026-03-18 20:30:00.787,,1.3186396,4362.06,180.55998,5650,9D1LETwId9,com.sec.android.app.shealth,0,d84f0de4-1cf1-47f0-b15c-980ec66acc8f.achievement.json,d84f0de4-1cf1-47f0-b15c-980ec66acc8f,1773792000000,
63110130,2984,55b970e9-f090-4b91-b16c-173390229ddd.binning_data.json,1834951,6000,63110130,3,2026-03-19 20:13:19.213,com.sec.android.app.shealth,2026-03-18 21:50:53.394,55b970e9-f090-4b91-b16c-173390229ddd.source_info.json,1.21516,2229.76,93.479996,2981,VfS0qUERdZ,com.sec.android.app.shealth,0,55b970e9-f090-4b91-b16c-173390229ddd.achievement.json,55b970e9-f090-4b91-b16c-173390229ddd,1773878400000,
63110130,2984,a5ecc6ae-5ece-4b67-b318-1b9313e8bc32.binning_data.json,1834951,6000,63110130,3,2026-03-19 20:30:00.904,com.sec.android.app.shealth,2026-03-19 20:30:00.904,,1.21516,2229.76,93.479996,2981,9D1LETwId9,com.sec.android.app.shealth,0,a5ecc6ae-5ece-4b67-b318-1b9313e8bc32.achievement.json,a5ecc6ae-5ece-4b67-b318-1b9313e8bc32,1773878400000,
63110130,4061,a46b688d-df62-470b-a326-8b276d14da60.binning_data.json,2356980,6000,63110130,146,2026-03-20 19:48:07.279,com.sec.android.app.shealth,2026-03-19 21:19:19.955,a46b688d-df62-470b-a326-8b276d14da60.source_info.json,1.344661,3169.3398,135.04999,3915,VfS0qUERdZ,com.sec.android.app.shealth,0,a46b688d-df62-470b-a326-8b276d14da60.achievement.json,a46b688d-df62-470b-a326-8b276d14da60,1773964800000,
63110130,4061,20847421-27ad-472a-a561-6c0851485d41.binning_data.json,2356980,6000,63110130,146,2026-03-20 20:30:01.176,com.sec.android.app.shealth,2026-03-20 20:30:01.176,,1.344661,3169.3398,135.04999,3915,9D1LETwId9,com.sec.android.app.shealth,0,20847421-27ad-472a-a561-6c0851485d41.achievement.json,20847421-27ad-472a-a561-6c0851485d41,1773964800000,
63110130,3644,052286e9-084e-4b26-ae91-d4cb36727e48.binning_data.json,2269150,6000,63110130,4,2026-03-21 20:22:22.883,com.sec.android.app.shealth,2026-03-20 21:23:56.798,052286e9-084e-4b26-ae91-d4cb36727e48.source_info.json,1.2153577,2757.83,116.46999,3640,VfS0qUERdZ,com.sec.android.app.shealth,0,052286e9-084e-4b26-ae91-d4cb36727e48.achievement.json,052286e9-084e-4b26-ae91-d4cb36727e48,1774051200000,
63110130,3644,4d0d65cf-ce00-47f9-9540-5ed3008ea017.binning_data.json,2269150,6000,63110130,4,2026-03-21 20:30:00.835,com.sec.android.app.shealth,2026-03-21 20:30:00.835,,1.2153577,2757.83,116.46999,3640,9D1LETwId9,com.sec.android.app.shealth,0,4d0d65cf-ce00-47f9-9540-5ed3008ea017.achievement.json,4d0d65cf-ce00-47f9-9540-5ed3008ea017,1774051200000,
63110130,3372,5f35aa3d-2eb7-4ea4-a867-356668b351a0.binning_data.json,2055678,6000,63110130,0,2026-03-22 19:48:19.216,com.sec.android.app.shealth,2026-03-21 21:40:43.189,5f35aa3d-2eb7-4ea4-a867-356668b351a0.source_info.json,1.2436768,2556.6,107.34999,3372,VfS0qUERdZ,com.sec.android.app.shealth,0,5f35aa3d-2eb7-4ea4-a867-356668b351a0.achievement.json,5f35aa3d-2eb7-4ea4-a867-356668b351a0,1774137600000,
63110130,3372,4e60e592-1ffd-4d34-84b8-341774b35dc0.binning_data.json,2055678,6000,63110130,0,2026-03-22 20:30:00.938,com.sec.android.app.shealth,2026-03-22 20:30:00.938,,1.2436768,2556.6,107.34999,3372,9D1LETwId9,com.sec.android.app.shealth,0,4e60e592-1ffd-4d34-84b8-341774b35dc0.achievement.json,4e60e592-1ffd-4d34-84b8-341774b35dc0,1774137600000,
63110130,1904,b3265866-ebb7-45f1-b893-117025fdb9f2.binning_data.json,1172001,6000,63110130,3,2026-03-23 20:16:25.553,com.sec.android.app.shealth,2026-03-22 21:29:54.387,b3265866-ebb7-45f1-b893-117025fdb9f2.source_info.json,1.2979075,1521.15,66.67,1901,VfS0qUERdZ,com.sec.android.app.shealth,0,b3265866-ebb7-45f1-b893-117025fdb9f2.achievement.json,b3265866-ebb7-45f1-b893-117025fdb9f2,1774224000000,
63110130,1904,bc32c7dc-5ea9-4580-b0ca-98b015f25972.binning_data.json,1172001,6000,63110130,3,2026-03-23 20:30:00.950,com.sec.android.app.shealth,2026-03-23 20:30:00.950,,1.2979075,1521.15,66.67,1901,9D1LETwId9,com.sec.android.app.shealth,0,bc32c7dc-5ea9-4580-b0ca-98b015f25972.achievement.json,bc32c7dc-5ea9-4580-b0ca-98b015f25972,1774224000000,
63110130,5444,60d78572-733e-41a3-b7bc-d132120b1d1c.binning_data.json,3359202,6000,63110130,10,2026-03-24 20:29:38.097,com.sec.android.app.shealth,2026-03-23 20:30:15.209,60d78572-733e-41a3-b7bc-d132120b1d1c.source_info.json,1.2182026,4092.19,171.92,5434,VfS0qUERdZ,com.sec.android.app.shealth,0,60d78572-733e-41a3-b7bc-d132120b1d1c.achievement.json,60d78572-733e-41a3-b7bc-d132120b1d1c,1774310400000,
63110130,5444,1956d6de-f2af-43ca-994f-2e7d429c76f8.binning_data.json,3359202,6000,63110130,10,2026-03-24 20:30:02.344,com.sec.android.app.shealth,2026-03-24 20:30:02.344,,1.2182026,4092.19,171.92,5434,9D1LETwId9,com.sec.android.app.shealth,0,1956d6de-f2af-43ca-994f-2e7d429c76f8.achievement.json,1956d6de-f2af-43ca-994f-2e7d429c76f8,1774310400000,
63110130,5984,7f35b229-db18-4b2e-b157-0217359af03a.binning_data.json,3466176,6000,63110130,14,2026-03-25 19:51:31.063,com.sec.android.app.shealth,2026-03-24 21:59:15.255,7f35b229-db18-4b2e-b157-0217359af03a.source_info.json,1.3092697,4538.16,186.23,5970,VfS0qUERdZ,com.sec.android.app.shealth,0,7f35b229-db18-4b2e-b157-0217359af03a.achievement.json,7f35b229-db18-4b2e-b157-0217359af03a,1774396800000,
63110130,5984,00b4dd68-49c7-40c1-a072-75dd38b02b52.binning_data.json,3466176,6000,63110130,14,2026-03-25 20:30:01.373,com.sec.android.app.shealth,2026-03-25 20:30:01.373,,1.3092697,4538.16,186.23,5970,9D1LETwId9,com.sec.android.app.shealth,0,00b4dd68-49c7-40c1-a072-75dd38b02b52.achievement.json,00b4dd68-49c7-40c1-a072-75dd38b02b52,1774396800000,
63110130,4610,8e2b5cbe-3778-4c2d-a193-78d8ba5e9cf5.binning_data.json,2822233,6000,63110130,13,2026-03-26 20:04:51.026,com.sec.android.app.shealth,2026-03-25 20:56:14.779,8e2b5cbe-3778-4c2d-a193-78d8ba5e9cf5.source_info.json,1.2429621,3507.93,148.32999,4597,VfS0qUERdZ,com.sec.android.app.shealth,0,8e2b5cbe-3778-4c2d-a193-78d8ba5e9cf5.achievement.json,8e2b5cbe-3778-4c2d-a193-78d8ba5e9cf5,1774483200000,
63110130,4610,34918db2-e3fb-4896-99c9-fa06c51dea42.binning_data.json,2822233,6000,63110130,13,2026-03-26 20:30:00.937,com.sec.android.app.shealth,2026-03-26 20:30:00.937,,1.2429621,3507.93,148.32999,4597,9D1LETwId9,com.sec.android.app.shealth,0,34918db2-e3fb-4896-99c9-fa06c51dea42.achievement.json,34918db2-e3fb-4896-99c9-fa06c51dea42,1774483200000,
63110130,4320,d7479b37-5832-4173-81af-a44b5913c363.binning_data.json,2418413,6000,63110130,91,2026-03-27 20:16:03.751,com.sec.android.app.shealth,2026-03-26 20:47:34.564,d7479b37-5832-4173-81af-a44b5913c363.source_info.json,1.3910979,3364.25,138.44998,4229,VfS0qUERdZ,com.sec.android.app.shealth,0,d7479b37-5832-4173-81af-a44b5913c363.achievement.json,d7479b37-5832-4173-81af-a44b5913c363,1774569600000,
63110130,4320,140cd4ce-4e42-4312-9fc4-32f3cda56748.binning_data.json,2418413,6000,63110130,91,2026-03-27 20:30:01.010,com.sec.android.app.shealth,2026-03-27 20:30:01.010,,1.3910979,3364.25,138.44998,4229,9D1LETwId9,com.sec.android.app.shealth,0,140cd4ce-4e42-4312-9fc4-32f3cda56748.achievement.json,140cd4ce-4e42-4312-9fc4-32f3cda56748,1774569600000,
63110130,2467,6bda53a6-f9c8-4897-aded-d3d2cedc5e22.binning_data.json,1531347,6000,63110130,4,2026-03-28 20:16:53.909,com.sec.android.app.shealth,2026-03-27 20:53:17.684,6bda53a6-f9c8-4897-aded-d3d2cedc5e22.source_info.json,1.2189198,1866.59,78.81,2463,VfS0qUERdZ,com.sec.android.app.shealth,0,6bda53a6-f9c8-4897-aded-d3d2cedc5e22.achievement.json,6bda53a6-f9c8-4897-aded-d3d2cedc5e22,1774656000000,
63110130,2467,7e6f81fb-6908-4eef-9b65-455fc32f5b27.binning_data.json,1531347,6000,63110130,4,2026-03-28 20:30:01.174,com.sec.android.app.shealth,2026-03-28 20:30:01.174,,1.2189198,1866.59,78.81,2463,9D1LETwId9,com.sec.android.app.shealth,0,7e6f81fb-6908-4eef-9b65-455fc32f5b27.achievement.json,7e6f81fb-6908-4eef-9b65-455fc32f5b27,1774656000000,
63110130,2810,ed00d7d7-02d5-46bd-b08c-47f3dec5c263.binning_data.json,1713132,6000,63110130,9,2026-03-29 20:24:17.167,com.sec.android.app.shealth,2026-03-28 21:36:11.548,ed00d7d7-02d5-46bd-b08c-47f3dec5c263.source_info.json,1.2486541,2139.1099,90.10999,2801,VfS0qUERdZ,com.sec.android.app.shealth,0,ed00d7d7-02d5-46bd-b08c-47f3dec5c263.achievement.json,ed00d7d7-02d5-46bd-b08c-47f3dec5c263,1774742400000,
63110130,2810,5cc7a4ca-9a71-4ce2-a6e2-6982fe38b13e.binning_data.json,1713132,6000,63110130,9,2026-03-29 20:30:01.817,com.sec.android.app.shealth,2026-03-29 20:30:01.817,,1.2486541,2139.1099,90.10999,2801,9D1LETwId9,com.sec.android.app.shealth,0,5cc7a4ca-9a71-4ce2-a6e2-6982fe38b13e.achievement.json,5cc7a4ca-9a71-4ce2-a6e2-6982fe38b13e,1774742400000,
63110130,3126,930b51c7-6527-4e86-8940-13b09bd6851d.binning_data.json,1967132,6000,63110130,6,2026-03-30 20:02:36.474,com.sec.android.app.shealth,2026-03-29 21:54:21.738,930b51c7-6527-4e86-8940-13b09bd6851d.source_info.json,1.201688,2363.88,101.60999,3120,VfS0qUERdZ,com.sec.android.app.shealth,0,930b51c7-6527-4e86-8940-13b09bd6851d.achievement.json,930b51c7-6527-4e86-8940-13b09bd6851d,1774828800000,
63110130,3126,563fd1af-a1a1-43ef-a448-b782709e9135.binning_data.json,1967132,6000,63110130,6,2026-03-30 20:30:02.209,com.sec.android.app.shealth,2026-03-30 20:30:02.209,,1.201688,2363.88,101.60999,3120,9D1LETwId9,com.sec.android.app.shealth,0,563fd1af-a1a1-43ef-a448-b782709e9135.achievement.json,563fd1af-a1a1-43ef-a448-b782709e9135,1774828800000,
63110130,5939,a334c8be-2700-484b-9f07-19b262ee64ea.binning_data.json,3623200,6000,63110130,20,2026-03-31 19:54:33.359,com.sec.android.app.shealth,2026-03-30 21:08:15.701,a334c8be-2700-484b-9f07-19b262ee64ea.source_info.json,1.2591822,4562.27,190.98999,5919,VfS0qUERdZ,com.sec.android.app.shealth,0,a334c8be-2700-484b-9f07-19b262ee64ea.achievement.json,a334c8be-2700-484b-9f07-19b262ee64ea,1774915200000,
63110130,5939,9b525275-e79a-41a2-a154-41c964d5a9a1.binning_data.json,3623200,6000,63110130,20,2026-03-31 20:30:01.088,com.sec.android.app.shealth,2026-03-31 20:30:01.088,,1.2591822,4562.27,190.98999,5919,9D1LETwId9,com.sec.android.app.shealth,0,9b525275-e79a-41a2-a154-41c964d5a9a1.achievement.json,9b525275-e79a-41a2-a154-41c964d5a9a1,1774915200000,
63110130,3438,a221d0be-a9ec-40e4-afde-3ab1f4c54bb9.binning_data.json,2164258,6000,63110130,10,2026-04-01 20:31:08.951,com.sec.android.app.shealth,2026-03-31 20:56:21.035,a221d0be-a9ec-40e4-afde-3ab1f4c54bb9.source_info.json,1.1979623,2592.7,110.85,3428,VfS0qUERdZ,com.sec.android.app.shealth,0,a221d0be-a9ec-40e4-afde-3ab1f4c54bb9.achievement.json,a221d0be-a9ec-40e4-afde-3ab1f4c54bb9,1775001600000,
63110130,3438,56a30a3d-6a4a-4155-add7-07d4384e9979.binning_data.json,2164258,6000,63110130,10,2026-04-01 20:31:08.469,com.sec.android.app.shealth,2026-04-01 20:30:00.838,,1.1979623,2592.7,110.85,3428,9D1LETwId9,com.sec.android.app.shealth,0,56a30a3d-6a4a-4155-add7-07d4384e9979.achievement.json,56a30a3d-6a4a-4155-add7-07d4384e9979,1775001600000,
63110130,2817,ab732ba7-a748-4e57-a41e-1e4d6c926010.binning_data.json,1745817,6000,63110130,6,2026-04-02 20:30:01.059,com.sec.android.app.shealth,2026-04-01 20:31:08.465,,1.241321,2167.1199,92.17999,2811,9D1LETwId9,com.sec.android.app.shealth,0,ab732ba7-a748-4e57-a41e-1e4d6c926010.achievement.json,ab732ba7-a748-4e57-a41e-1e4d6c926010,1775088000000,
63110130,2817,5c1eae8c-a839-4443-8e72-811234188cd0.binning_data.json,1745817,6000,63110130,6,2026-04-02 19:59:14.103,com.sec.android.app.shealth,2026-04-01 20:31:08.972,5c1eae8c-a839-4443-8e72-811234188cd0.source_info.json,1.241321,2167.1199,92.17999,2811,VfS0qUERdZ,com.sec.android.app.shealth,0,5c1eae8c-a839-4443-8e72-811234188cd0.achievement.json,5c1eae8c-a839-4443-8e72-811234188cd0,1775088000000,
63110130,3988,9b76d5c0-fc61-47b1-a70f-1015e2b0c1a1.binning_data.json,2214183,6000,63130130,109,2026-04-03 20:13:33.476,com.sec.android.app.shealth,2026-04-02 21:32:21.963,9b76d5c0-fc61-47b1-a70f-1015e2b0c1a1.source_info.json,1.4272078,3160.0999,131.68999,3879,VfS0qUERdZ,com.sec.android.app.shealth,0,9b76d5c0-fc61-47b1-a70f-1015e2b0c1a1.achievement.json,9b76d5c0-fc61-47b1-a70f-1015e2b0c1a1,1775174400000,
63130130,3988,b0b10a00-b8c0-4f17-950f-48607176c6db.binning_data.json,2214183,6000,63130130,109,2026-04-03 20:30:00.993,com.sec.android.app.shealth,2026-04-03 20:30:00.993,,1.4272078,3160.0999,131.68999,3879,9D1LETwId9,com.sec.android.app.shealth,0,b0b10a00-b8c0-4f17-950f-48607176c6db.achievement.json,b0b10a00-b8c0-4f17-950f-48607176c6db,1775174400000,
63130130,4868,5b934c07-67b3-4d43-8a8d-c29b9009fa16.binning_data.json,2925538,6000,63130130,7,2026-04-04 19:21:18.119,com.sec.android.app.shealth,2026-04-03 22:04:16.407,5b934c07-67b3-4d43-8a8d-c29b9009fa16.source_info.json,1.2787663,3741.0798,156.99998,4861,VfS0qUERdZ,com.sec.android.app.shealth,0,5b934c07-67b3-4d43-8a8d-c29b9009fa16.achievement.json,5b934c07-67b3-4d43-8a8d-c29b9009fa16,1775260800000,
63130130,4868,4071d36e-f055-4beb-96e6-33ecc1aeed82.binning_data.json,2925538,6000,63130130,7,2026-04-04 20:30:01.141,com.sec.android.app.shealth,2026-04-04 20:30:01.141,,1.2787663,3741.0798,156.99998,4861,9D1LETwId9,com.sec.android.app.shealth,0,4071d36e-f055-4beb-96e6-33ecc1aeed82.achievement.json,4071d36e-f055-4beb-96e6-33ecc1aeed82,1775260800000,
63130130,2831,6d0f21b7-176b-450d-bf4b-b9129e16680a.binning_data.json,1790336,6000,63130130,4,2026-04-05 20:12:41.089,com.sec.android.app.shealth,2026-04-04 21:09:00.243,6d0f21b7-176b-450d-bf4b-b9129e16680a.source_info.json,1.1897205,2130.0,90.34999,2827,VfS0qUERdZ,com.sec.android.app.shealth,0,6d0f21b7-176b-450d-bf4b-b9129e16680a.achievement.json,6d0f21b7-176b-450d-bf4b-b9129e16680a,1775347200000,
63130130,2831,f84e209c-98eb-4a9e-918b-9bf0aaa6d53d.binning_data.json,1790336,6000,63130130,4,2026-04-05 20:30:00.894,com.sec.android.app.shealth,2026-04-05 20:30:00.894,,1.1897205,2130.0,90.34999,2827,9D1LETwId9,com.sec.android.app.shealth,0,f84e209c-98eb-4a9e-918b-9bf0aaa6d53d.achievement.json,f84e209c-98eb-4a9e-918b-9bf0aaa6d53d,1775347200000,
63130130,2874,0a3c5a48-304f-457c-ba31-d801029075f1.binning_data.json,1851967,6000,63130130,8,2026-04-06 20:15:06.555,com.sec.android.app.shealth,2026-04-05 21:42:56.689,0a3c5a48-304f-457c-ba31-d801029075f1.source_info.json,1.1731417,2172.62,93.42999,2866,VfS0qUERdZ,com.sec.android.app.shealth,0,0a3c5a48-304f-457c-ba31-d801029075f1.achievement.json,0a3c5a48-304f-457c-ba31-d801029075f1,1775433600000,
63130130,2874,e1195b94-1501-4f15-8eb9-7425e678bb3d.binning_data.json,1851967,6000,63130130,8,2026-04-06 20:30:01.041,com.sec.android.app.shealth,2026-04-06 20:30:01.041,,1.1731417,2172.62,93.42999,2866,9D1LETwId9,com.sec.android.app.shealth,0,e1195b94-1501-4f15-8eb9-7425e678bb3d.achievement.json,e1195b94-1501-4f15-8eb9-7425e678bb3d,1775433600000,
63130130,3252,ace9069c-1af2-4cb8-af73-fa8ded6665e9.binning_data.json,1991585,6000,63130130,11,2026-04-07 20:15:07.861,com.sec.android.app.shealth,2026-04-06 21:56:54.985,ace9069c-1af2-4cb8-af73-fa8ded6665e9.source_info.json,1.2299699,2449.59,103.28999,3241,VfS0qUERdZ,com.sec.android.app.shealth,0,ace9069c-1af2-4cb8-af73-fa8ded6665e9.achievement.json,ace9069c-1af2-4cb8-af73-fa8ded6665e9,1775520000000,
63130130,3252,ce874f4f-52a7-418c-aefa-37198f8e913f.binning_data.json,1991585,6000,63130130,11,2026-04-07 20:30:01.096,com.sec.android.app.shealth,2026-04-07 20:30:01.096,,1.2299699,2449.59,103.28999,3241,9D1LETwId9,com.sec.android.app.shealth,0,ce874f4f-52a7-418c-aefa-37198f8e913f.achievement.json,ce874f4f-52a7-418c-aefa-37198f8e913f,1775520000000,
63130130,5725,bd923d78-aaab-47f4-9709-c2db7f85a5b9.binning_data.json,3468936,6000,63130130,34,2026-04-08 19:50:08.943,com.sec.android.app.shealth,2026-04-07 20:55:21.160,bd923d78-aaab-47f4-9709-c2db7f85a5b9.source_info.json,1.2659181,4391.39,184.75998,5691,VfS0qUERdZ,com.sec.android.app.shealth,0,bd923d78-aaab-47f4-9709-c2db7f85a5b9.achievement.json,bd923d78-aaab-47f4-9709-c2db7f85a5b9,1775606400000,
63130130,5725,7cb443d2-1825-490e-928c-58bf076d1103.binning_data.json,3468936,6000,63130130,34,2026-04-08 20:30:00.878,com.sec.android.app.shealth,2026-04-08 20:30:00.878,,1.2659181,4391.39,184.75998,5691,9D1LETwId9,com.sec.android.app.shealth,0,7cb443d2-1825-490e-928c-58bf076d1103.achievement.json,7cb443d2-1825-490e-928c-58bf076d1103,1775606400000,
63130130,3019,a6f70a28-2157-43ae-aac6-3392ef1de74d.binning_data.json,1868614,6000,63130130,9,2026-04-09 19:41:51.355,com.sec.android.app.shealth,2026-04-08 22:58:05.358,a6f70a28-2157-43ae-aac6-3392ef1de74d.source_info.json,1.2337055,2305.32,98.41999,3010,VfS0qUERdZ,com.sec.android.app.shealth,0,a6f70a28-2157-43ae-aac6-3392ef1de74d.achievement.json,a6f70a28-2157-43ae-aac6-3392ef1de74d,1775692800000,
63130130,3019,9ba3fc9a-d24f-42d1-b6d4-edb37d211349.binning_data.json,1868614,6000,63130130,9,2026-04-09 20:30:00.915,com.sec.android.app.shealth,2026-04-09 20:30:00.915,,1.2337055,2305.32,98.41999,3010,9D1LETwId9,com.sec.android.app.shealth,0,9ba3fc9a-d24f-42d1-b6d4-edb37d211349.achievement.json,9ba3fc9a-d24f-42d1-b6d4-edb37d211349,1775692800000,
63130130,1721,072f357d-b3ed-4c5a-ab58-ec0da2d9f0b5.binning_data.json,1138582,6000,63130130,1,2026-04-10 17:55:57.976,com.sec.android.app.shealth,2026-04-09 21:15:31.593,072f357d-b3ed-4c5a-ab58-ec0da2d9f0b5.source_info.json,1.1380813,1295.8,56.599995,1720,VfS0qUERdZ,com.sec.android.app.shealth,0,072f357d-b3ed-4c5a-ab58-ec0da2d9f0b5.achievement.json,072f357d-b3ed-4c5a-ab58-ec0da2d9f0b5,1775779200000,
63130130,1721,f937ec4f-418b-4959-8869-058c588f9c77.binning_data.json,1138582,6000,63130130,1,2026-04-10 20:30:01.048,com.sec.android.app.shealth,2026-04-10 20:30:01.048,,1.1380813,1295.8,56.599995,1720,9D1LETwId9,com.sec.android.app.shealth,0,f937ec4f-418b-4959-8869-058c588f9c77.achievement.json,f937ec4f-418b-4959-8869-058c588f9c77,1775779200000,
63130130,3608,0761f840-dcb8-4bec-a775-af09efaf5ffc.binning_data.json,2219947,6000,63130130,5,2026-04-12 20:30:01.204,com.sec.android.app.shealth,2026-04-10 21:29:41.333,0761f840-dcb8-4bec-a775-af09efaf5ffc.source_info.json,1.2255467,2720.65,114.33999,3603,VfS0qUERdZ,com.sec.android.app.shealth,0,0761f840-dcb8-4bec-a775-af09efaf5ffc.achievement.json,0761f840-dcb8-4bec-a775-af09efaf5ffc,1775865600000,
63130130,3608,3249e9ce-0b4c-4bb3-af35-f930a1277f23.binning_data.json,2219947,6000,63130130,5,2026-04-11 20:35:02.811,com.sec.android.app.shealth,2026-04-11 20:30:00.908,,1.2255467,2720.65,114.33999,3603,9D1LETwId9,com.sec.android.app.shealth,0,3249e9ce-0b4c-4bb3-af35-f930a1277f23.achievement.json,3249e9ce-0b4c-4bb3-af35-f930a1277f23,1775865600000,
63130130,4560,f5db7c28-9946-4b8e-b74b-bf132ba593e3.binning_data.json,2775309,6000,63130130,2,2026-04-12 19:22:48.776,com.sec.android.app.shealth,2026-04-11 22:16:13.218,f5db7c28-9946-4b8e-b74b-bf132ba593e3.source_info.json,1.2363774,3431.33,142.43999,4558,VfS0qUERdZ,com.sec.android.app.shealth,0,f5db7c28-9946-4b8e-b74b-bf132ba593e3.achievement.json,f5db7c28-9946-4b8e-b74b-bf132ba593e3,1775952000000,
63130130,4560,54a6f8bc-0866-4c9d-9e5f-365c92a32ae4.binning_data.json,2775309,6000,63130130,2,2026-04-12 20:30:01.059,com.sec.android.app.shealth,2026-04-12 20:30:01.059,,1.2363774,3431.33,142.43999,4558,9D1LETwId9,com.sec.android.app.shealth,0,54a6f8bc-0866-4c9d-9e5f-365c92a32ae4.achievement.json,54a6f8bc-0866-4c9d-9e5f-365c92a32ae4,1775952000000,
63130130,5029,d34d90bd-f63e-4dd9-98b8-8de52dceaac1.binning_data.json,3059079,6000,63130130,21,2026-04-13 20:16:05.638,com.sec.android.app.shealth,2026-04-12 21:07:34.513,d34d90bd-f63e-4dd9-98b8-8de52dceaac1.source_info.json,1.263341,3864.66,163.12,5008,VfS0qUERdZ,com.sec.android.app.shealth,0,d34d90bd-f63e-4dd9-98b8-8de52dceaac1.achievement.json,d34d90bd-f63e-4dd9-98b8-8de52dceaac1,1776038400000,
63130130,5029,e20bbd8d-ebe7-4a14-8380-940bffb8d8da.binning_data.json,3059079,6000,63130130,21,2026-04-13 20:30:00.866,com.sec.android.app.shealth,2026-04-13 20:30:00.866,,1.263341,3864.66,163.12,5008,9D1LETwId9,com.sec.android.app.shealth,0,e20bbd8d-ebe7-4a14-8380-940bffb8d8da.achievement.json,e20bbd8d-ebe7-4a14-8380-940bffb8d8da,1776038400000,
63130130,5555,af072656-0e08-48d8-9058-37a487669889.binning_data.json,3210877,6000,63130130,34,2026-04-15 20:30:01.103,com.sec.android.app.shealth,2026-04-13 20:55:03.885,af072656-0e08-48d8-9058-37a487669889.source_info.json,1.3673956,4390.54,185.31,5521,VfS0qUERdZ,com.sec.android.app.shealth,0,af072656-0e08-48d8-9058-37a487669889.achievement.json,af072656-0e08-48d8-9058-37a487669889,1776124800000,
63130130,5555,6ca8fbc3-2d17-4767-9062-24efe494a80d.binning_data.json,3210877,6000,63130130,34,2026-04-14 20:35:43.881,com.sec.android.app.shealth,2026-04-14 20:30:01.744,,1.3673956,4390.54,185.31,5521,9D1LETwId9,com.sec.android.app.shealth,0,6ca8fbc3-2d17-4767-9062-24efe494a80d.achievement.json,6ca8fbc3-2d17-4767-9062-24efe494a80d,1776124800000,
63130130,3917,9316e90c-d02a-49d0-a028-0cea11e624aa.binning_data.json,2334247,6000,63130130,2,2026-04-15 19:51:02.516,com.sec.android.app.shealth,2026-04-14 20:59:18.543,9316e90c-d02a-49d0-a028-0cea11e624aa.source_info.json,1.2670251,2957.55,121.99999,3915,VfS0qUERdZ,com.sec.android.app.shealth,0,9316e90c-d02a-49d0-a028-0cea11e624aa.achievement.json,9316e90c-d02a-49d0-a028-0cea11e624aa,1776211200000,
63130130,3917,db0ff8ff-001b-4405-b84a-6ab5050a6ef9.binning_data.json,2334247,6000,63130130,2,2026-04-15 20:30:00.955,com.sec.android.app.shealth,2026-04-15 20:30:00.955,,1.2670251,2957.55,121.99999,3915,9D1LETwId9,com.sec.android.app.shealth,0,db0ff8ff-001b-4405-b84a-6ab5050a6ef9.achievement.json,db0ff8ff-001b-4405-b84a-6ab5050a6ef9,1776211200000,
63130130,3472,fc5bf166-002f-4dce-b7cd-2f7ea57c4f03.binning_data.json,2208436,6000,63130130,3,2026-04-16 19:38:21.160,com.sec.android.app.shealth,2026-04-15 20:54:35.782,fc5bf166-002f-4dce-b7cd-2f7ea57c4f03.source_info.json,1.1735224,2591.6501,110.03999,3469,VfS0qUERdZ,com.sec.android.app.shealth,0,fc5bf166-002f-4dce-b7cd-2f7ea57c4f03.achievement.json,fc5bf166-002f-4dce-b7cd-2f7ea57c4f03,1776297600000,
63130130,3472,fcdc821b-1a38-4f68-ad1a-7d63db5636be.binning_data.json,2208436,6000,63130130,3,2026-04-16 20:30:01.328,com.sec.android.app.shealth,2026-04-16 20:30:01.328,,1.1735224,2591.6501,110.03999,3469,9D1LETwId9,com.sec.android.app.shealth,0,fcdc821b-1a38-4f68-ad1a-7d63db5636be.achievement.json,fcdc821b-1a38-4f68-ad1a-7d63db5636be,1776297600000,
63130130,1349,cb14e3af-45c8-411c-8d62-23b0c1b95c3c.binning_data.json,872957,6000,63130130,9,2026-04-17 20:28:23.133,com.sec.android.app.shealth,2026-04-16 21:52:26.676,cb14e3af-45c8-411c-8d62-23b0c1b95c3c.source_info.json,1.2189369,1064.08,47.369995,1340,VfS0qUERdZ,com.sec.android.app.shealth,0,cb14e3af-45c8-411c-8d62-23b0c1b95c3c.achievement.json,cb14e3af-45c8-411c-8d62-23b0c1b95c3c,1776384000000,
63130130,1349,6ae7521c-d76c-4245-8b8e-2356c2b87eee.binning_data.json,872957,6000,63130130,9,2026-04-17 20:30:00.979,com.sec.android.app.shealth,2026-04-17 20:30:00.979,,1.2189369,1064.08,47.369995,1340,9D1LETwId9,com.sec.android.app.shealth,0,6ae7521c-d76c-4245-8b8e-2356c2b87eee.achievement.json,6ae7521c-d76c-4245-8b8e-2356c2b87eee,1776384000000,
63130130,7732,fdd14e3b-d0b4-4058-9668-1691d0ab3be2.binning_data.json,4627796,6000,63130130,45,2026-04-18 19:35:04.831,com.sec.android.app.shealth,2026-04-17 20:30:32.430,fdd14e3b-d0b4-4058-9668-1691d0ab3be2.source_info.json,1.2674499,5865.5,243.54999,7687,VfS0qUERdZ,com.sec.android.app.shealth,0,fdd14e3b-d0b4-4058-9668-1691d0ab3be2.achievement.json,fdd14e3b-d0b4-4058-9668-1691d0ab3be2,1776470400000,
63130130,7732,20991be5-8aca-4f06-8f4e-0cb514fd62a0.binning_data.json,4627796,6000,63130130,45,2026-04-18 20:30:01.169,com.sec.android.app.shealth,2026-04-18 20:30:01.169,,1.2674499,5865.5,243.54999,7687,9D1LETwId9,com.sec.android.app.shealth,0,20991be5-8aca-4f06-8f4e-0cb514fd62a0.achievement.json,20991be5-8aca-4f06-8f4e-0cb514fd62a0,1776470400000,
63130130,7831,d0f62eb5-9535-4a01-b944-30b44013d0c5.binning_data.json,4792212,6000,63130130,7,2026-04-19 19:41:04.035,com.sec.android.app.shealth,2026-04-18 22:00:57.272,d0f62eb5-9535-4a01-b944-30b44013d0c5.source_info.json,1.2332923,5910.1997,244.96997,7824,VfS0qUERdZ,com.sec.android.app.shealth,0,d0f62eb5-9535-4a01-b944-30b44013d0c5.achievement.json,d0f62eb5-9535-4a01-b944-30b44013d0c5,1776556800000,
63130130,7831,2e88fd54-d7e7-4b8a-be1a-a3df35f17202.binning_data.json,4792212,6000,63130130,7,2026-04-19 20:30:01.714,com.sec.android.app.shealth,2026-04-19 20:30:01.714,,1.2332923,5910.1997,244.96997,7824,9D1LETwId9,com.sec.android.app.shealth,0,2e88fd54-d7e7-4b8a-be1a-a3df35f17202.achievement.json,2e88fd54-d7e7-4b8a-be1a-a3df35f17202,1776556800000,
63130130,6968,ce3b21de-457c-4d5a-9515-122003fa4930.binning_data.json,4084299,6000,63130130,6,2026-04-20 20:30:01.660,com.sec.android.app.shealth,2026-04-19 21:58:57.435,ce3b21de-457c-4d5a-9515-122003fa4930.source_info.json,1.2910293,5272.95,216.56,6962,VfS0qUERdZ,com.sec.android.app.shealth,0,ce3b21de-457c-4d5a-9515-122003fa4930.achievement.json,ce3b21de-457c-4d5a-9515-122003fa4930,1776643200000,
63130130,6968,e62a2d0d-97b8-404f-8a77-72ef800a3f7d.binning_data.json,4084299,6000,63130130,6,2026-04-20 20:30:00.995,com.sec.android.app.shealth,2026-04-20 20:30:00.995,,1.2910293,5272.95,216.56,6962,9D1LETwId9,com.sec.android.app.shealth,0,e62a2d0d-97b8-404f-8a77-72ef800a3f7d.achievement.json,e62a2d0d-97b8-404f-8a77-72ef800a3f7d,1776643200000,
63130130,7841,1f6c6001-cad2-4860-8903-a84f60c92050.binning_data.json,4773948,6000,63130130,28,2026-04-21 20:35:07.553,com.sec.android.app.shealth,2026-04-20 20:30:01.021,,1.2398311,5918.89,245.62997,7813,9D1LETwId9,com.sec.android.app.shealth,0,1f6c6001-cad2-4860-8903-a84f60c92050.achievement.json,1f6c6001-cad2-4860-8903-a84f60c92050,1776729600000,
63130130,7841,4e80a8db-d134-4e4b-90a5-89f44cb2f0cd.binning_data.json,4773948,6000,63130130,28,2026-04-21 20:35:07.473,com.sec.android.app.shealth,2026-04-20 20:30:01.653,4e80a8db-d134-4e4b-90a5-89f44cb2f0cd.source_info.json,1.2398311,5918.89,245.62997,7813,VfS0qUERdZ,com.sec.android.app.shealth,0,4e80a8db-d134-4e4b-90a5-89f44cb2f0cd.achievement.json,4e80a8db-d134-4e4b-90a5-89f44cb2f0cd,1776729600000,
63130130,2837,36efef2d-53f4-42e8-8d6e-b3e68e60fb87.binning_data.json,1747981,6000,63130130,1,2026-04-22 18:10:55.432,com.sec.android.app.shealth,2026-04-21 22:13:25.424,36efef2d-53f4-42e8-8d6e-b3e68e60fb87.source_info.json,1.2205675,2133.53,89.67999,2836,VfS0qUERdZ,com.sec.android.app.shealth,0,36efef2d-53f4-42e8-8d6e-b3e68e60fb87.achievement.json,36efef2d-53f4-42e8-8d6e-b3e68e60fb87,1776816000000,
63130130,2837,a9ac0019-09d7-4bfa-9e6d-2620f3ff5d40.binning_data.json,1747981,6000,63130130,1,2026-04-22 20:30:02.123,com.sec.android.app.shealth,2026-04-22 20:30:02.123,,1.2205675,2133.53,89.67999,2836,9D1LETwId9,com.sec.android.app.shealth,0,a9ac0019-09d7-4bfa-9e6d-2620f3ff5d40.achievement.json,a9ac0019-09d7-4bfa-9e6d-2620f3ff5d40,1776816000000,
63130130,4688,cf6fe444-9282-4e7a-b5b5-af9a714162e0.binning_data.json,2774767,6000,63130130,0,2026-04-23 20:21:43.731,com.sec.android.app.shealth,2026-04-22 20:40:50.606,cf6fe444-9282-4e7a-b5b5-af9a714162e0.source_info.json,1.2772672,3544.1199,145.98,4688,VfS0qUERdZ,com.sec.android.app.shealth,0,cf6fe444-9282-4e7a-b5b5-af9a714162e0.achievement.json,cf6fe444-9282-4e7a-b5b5-af9a714162e0,1776902400000,
63130130,4688,cce727bd-f20b-4d23-89cb-8c82f35bf934.binning_data.json,2774767,6000,63130130,0,2026-04-23 20:30:01.322,com.sec.android.app.shealth,2026-04-23 20:30:01.322,,1.2772672,3544.1199,145.98,4688,9D1LETwId9,com.sec.android.app.shealth,0,cce727bd-f20b-4d23-89cb-8c82f35bf934.achievement.json,cce727bd-f20b-4d23-89cb-8c82f35bf934,1776902400000,
63130130,4924,9eba341c-f84b-4e19-8c2c-6aaf3bd91382.binning_data.json,3092349,6000,63130130,7,2026-04-25 20:30:01.763,com.sec.android.app.shealth,2026-04-23 20:55:10.197,9eba341c-f84b-4e19-8c2c-6aaf3bd91382.source_info.json,1.1987228,3706.87,156.12999,4917,VfS0qUERdZ,com.sec.android.app.shealth,0,9eba341c-f84b-4e19-8c2c-6aaf3bd91382.achievement.json,9eba341c-f84b-4e19-8c2c-6aaf3bd91382,1776988800000,
63130130,4924,a054741f-297b-41e9-8b6e-c48ae18fbe7d.binning_data.json,3092349,6000,63130130,7,2026-04-24 20:30:41.301,com.sec.android.app.shealth,2026-04-24 20:30:00.659,,1.1987228,3706.87,156.12999,4917,9D1LETwId9,com.sec.android.app.shealth,0,a054741f-297b-41e9-8b6e-c48ae18fbe7d.achievement.json,a054741f-297b-41e9-8b6e-c48ae18fbe7d,1776988800000,
63130130,7201,d3f2260e-254e-40e3-ac4e-01667d15f5fd.binning_data.json,4241885,6000,63130130,44,2026-04-25 19:27:40.904,com.sec.android.app.shealth,2026-04-24 21:04:30.209,d3f2260e-254e-40e3-ac4e-01667d15f5fd.source_info.json,1.2898982,5471.6,226.35999,7157,VfS0qUERdZ,com.sec.android.app.shealth,0,d3f2260e-254e-40e3-ac4e-01667d15f5fd.achievement.json,d3f2260e-254e-40e3-ac4e-01667d15f5fd,1777075200000,
63130130,7201,7dbaab37-ec1a-4f21-8574-103cff36ee8a.binning_data.json,4241885,6000,63130130,44,2026-04-25 20:30:01.308,com.sec.android.app.shealth,2026-04-25 20:30:01.308,,1.2898982,5471.6,226.35999,7157,9D1LETwId9,com.sec.android.app.shealth,0,7dbaab37-ec1a-4f21-8574-103cff36ee8a.achievement.json,7dbaab37-ec1a-4f21-8574-103cff36ee8a,1777075200000,
63130130,7082,09bc4d68-a237-4873-9d93-2b7eb27fa434.binning_data.json,4202848,6000,63130130,18,2026-04-26 20:13:13.071,com.sec.android.app.shealth,2026-04-25 21:42:48.581,09bc4d68-a237-4873-9d93-2b7eb27fa434.source_info.json,1.274909,5358.25,221.02997,7064,VfS0qUERdZ,com.sec.android.app.shealth,0,09bc4d68-a237-4873-9d93-2b7eb27fa434.achievement.json,09bc4d68-a237-4873-9d93-2b7eb27fa434,1777161600000,
63130130,7082,27e8bc4c-ebc8-48b8-9ba4-980a8a564153.binning_data.json,4202848,6000,63130130,18,2026-04-26 20:30:00.795,com.sec.android.app.shealth,2026-04-26 20:30:00.795,,1.274909,5358.25,221.02997,7064,9D1LETwId9,com.sec.android.app.shealth,0,27e8bc4c-ebc8-48b8-9ba4-980a8a564153.achievement.json,27e8bc4c-ebc8-48b8-9ba4-980a8a564153,1777161600000,
63130130,7033,53906802-df65-435c-b21d-028861815d14.binning_data.json,4157245,6000,63130130,2,2026-04-27 19:26:29.014,com.sec.android.app.shealth,2026-04-26 22:12:12.269,53906802-df65-435c-b21d-028861815d14.source_info.json,1.2783611,5314.46,217.52998,7031,VfS0qUERdZ,com.sec.android.app.shealth,0,53906802-df65-435c-b21d-028861815d14.achievement.json,53906802-df65-435c-b21d-028861815d14,1777248000000,
63130130,7033,e51a3e4e-b4b8-48ca-9ec3-6b84ba280cef.binning_data.json,4157245,6000,63130130,2,2026-04-27 20:30:01.172,com.sec.android.app.shealth,2026-04-27 20:30:01.172,,1.2783611,5314.46,217.52998,7031,9D1LETwId9,com.sec.android.app.shealth,0,e51a3e4e-b4b8-48ca-9ec3-6b84ba280cef.achievement.json,e51a3e4e-b4b8-48ca-9ec3-6b84ba280cef,1777248000000,
63130130,5293,89e61316-20e2-4f9d-9b02-74c2a4a3405a.binning_data.json,3151898,6000,63130130,6,2026-04-28 18:18:46.677,com.sec.android.app.shealth,2026-04-27 22:31:29.886,89e61316-20e2-4f9d-9b02-74c2a4a3405a.source_info.json,1.2672743,3994.3198,164.46999,5287,VfS0qUERdZ,com.sec.android.app.shealth,0,89e61316-20e2-4f9d-9b02-74c2a4a3405a.achievement.json,89e61316-20e2-4f9d-9b02-74c2a4a3405a,1777334400000,
63130130,5293,85003d65-57ec-445c-b211-9e9d125cacbe.binning_data.json,3151898,6000,63130130,6,2026-04-28 20:30:00.896,com.sec.android.app.shealth,2026-04-28 20:30:00.896,,1.2672743,3994.3198,164.46999,5287,9D1LETwId9,com.sec.android.app.shealth,0,85003d65-57ec-445c-b211-9e9d125cacbe.achievement.json,85003d65-57ec-445c-b211-9e9d125cacbe,1777334400000,
63130130,6491,ffe94dd4-dd44-4264-b265-f29017b7c24f.binning_data.json,3855519,6000,63130130,7,2026-04-29 20:09:58.170,com.sec.android.app.shealth,2026-04-28 20:42:06.081,ffe94dd4-dd44-4264-b265-f29017b7c24f.source_info.json,1.2731099,4908.5,202.31998,6484,VfS0qUERdZ,com.sec.android.app.shealth,0,ffe94dd4-dd44-4264-b265-f29017b7c24f.achievement.json,ffe94dd4-dd44-4264-b265-f29017b7c24f,1777420800000,
63130130,6491,90fdd114-c2fb-495e-8b82-befb394075ea.binning_data.json,3855519,6000,63130130,7,2026-04-29 20:30:00.913,com.sec.android.app.shealth,2026-04-29 20:30:00.913,,1.2731099,4908.5,202.31998,6484,9D1LETwId9,com.sec.android.app.shealth,0,90fdd114-c2fb-495e-8b82-befb394075ea.achievement.json,90fdd114-c2fb-495e-8b82-befb394075ea,1777420800000,
63130130,3021,e2f3cf54-7bff-4204-bc04-381b8b172284.binning_data.json,1910501,6000,63130130,2,2026-04-30 18:54:36.958,com.sec.android.app.shealth,2026-04-29 22:21:50.385,e2f3cf54-7bff-4204-bc04-381b8b172284.source_info.json,1.1881227,2269.91,96.55999,3019,VfS0qUERdZ,com.sec.android.app.shealth,0,e2f3cf54-7bff-4204-bc04-381b8b172284.achievement.json,e2f3cf54-7bff-4204-bc04-381b8b172284,1777507200000,
63130130,3021,2f182f98-0cb4-4a9f-9d84-22999757d5f6.binning_data.json,1910501,6000,63130130,2,2026-04-30 20:30:01.194,com.sec.android.app.shealth,2026-04-30 20:30:01.194,,1.1881227,2269.91,96.55999,3019,9D1LETwId9,com.sec.android.app.shealth,0,2f182f98-0cb4-4a9f-9d84-22999757d5f6.achievement.json,2f182f98-0cb4-4a9f-9d84-22999757d5f6,1777507200000,
63130130,1098,a637358f-fdc2-4c5e-a86e-c1f79d2d817f.binning_data.json,720057,6000,63130130,7,2026-05-01 19:39:42.765,com.sec.android.app.shealth,2026-04-30 21:42:28.511,a637358f-fdc2-4c5e-a86e-c1f79d2d817f.source_info.json,1.1375195,819.08,35.979996,1091,VfS0qUERdZ,com.sec.android.app.shealth,0,a637358f-fdc2-4c5e-a86e-c1f79d2d817f.achievement.json,a637358f-fdc2-4c5e-a86e-c1f79d2d817f,1777593600000,
63130130,1098,ee35ffa6-2e70-496a-8e39-a5f82501852e.binning_data.json,720057,6000,63130130,7,2026-05-01 20:30:01.320,com.sec.android.app.shealth,2026-05-01 20:30:01.320,,1.1375195,819.08,35.979996,1091,9D1LETwId9,com.sec.android.app.shealth,0,ee35ffa6-2e70-496a-8e39-a5f82501852e.achievement.json,ee35ffa6-2e70-496a-8e39-a5f82501852e,1777593600000,
63130130,6784,dc6a3116-df47-4e77-aa2a-ebe5bf90bb2f.binning_data.json,4027490,6000,63130130,12,2026-05-03 20:30:01.798,com.sec.android.app.shealth,2026-05-01 22:41:09.161,dc6a3116-df47-4e77-aa2a-ebe5bf90bb2f.source_info.json,1.278476,5149.05,212.06999,6772,VfS0qUERdZ,com.sec.android.app.shealth,0,dc6a3116-df47-4e77-aa2a-ebe5bf90bb2f.achievement.json,dc6a3116-df47-4e77-aa2a-ebe5bf90bb2f,1777680000000,
63130130,6784,32eb65f6-f582-47a7-bb98-6ca06e5b3dba.binning_data.json,4027490,6000,63130130,12,2026-05-02 20:35:24.052,com.sec.android.app.shealth,2026-05-02 20:30:01.345,,1.278476,5149.05,212.06999,6772,9D1LETwId9,com.sec.android.app.shealth,0,32eb65f6-f582-47a7-bb98-6ca06e5b3dba.achievement.json,32eb65f6-f582-47a7-bb98-6ca06e5b3dba,1777680000000,
63130130,7029,96547099-aaa3-41a7-8938-34f1411e13cf.binning_data.json,4225020,6000,63130130,4,2026-05-03 18:48:22.117,com.sec.android.app.shealth,2026-05-02 22:45:40.163,96547099-aaa3-41a7-8938-34f1411e13cf.source_info.json,1.2510849,5285.86,217.28996,7025,VfS0qUERdZ,com.sec.android.app.shealth,0,96547099-aaa3-41a7-8938-34f1411e13cf.achievement.json,96547099-aaa3-41a7-8938-34f1411e13cf,1777766400000,
63130130,7029,deebcc81-4508-4035-872f-1937b48a2e9a.binning_data.json,4225020,6000,63130130,4,2026-05-03 20:30:01.436,com.sec.android.app.shealth,2026-05-03 20:30:01.436,,1.2510849,5285.86,217.28996,7025,9D1LETwId9,com.sec.android.app.shealth,0,deebcc81-4508-4035-872f-1937b48a2e9a.achievement.json,deebcc81-4508-4035-872f-1937b48a2e9a,1777766400000,
63130130,3933,fb3a1725-a116-44ec-a012-4c99e6bef38b.binning_data.json,2384403,6000,63130130,6,2026-05-04 20:01:36.218,com.sec.android.app.shealth,2026-05-03 21:07:23.116,fb3a1725-a116-44ec-a012-4c99e6bef38b.source_info.json,1.2666943,3020.31,128.32999,3927,VfS0qUERdZ,com.sec.android.app.shealth,0,fb3a1725-a116-44ec-a012-4c99e6bef38b.achievement.json,fb3a1725-a116-44ec-a012-4c99e6bef38b,1777852800000,
63130130,3933,18eb1ff4-78ec-4cf2-bebc-fa4adb8eda67.binning_data.json,2384403,6000,63130130,6,2026-05-04 20:30:00.464,com.sec.android.app.shealth,2026-05-04 20:30:00.464,,1.2666943,3020.31,128.32999,3927,9D1LETwId9,com.sec.android.app.shealth,0,18eb1ff4-78ec-4cf2-bebc-fa4adb8eda67.achievement.json,18eb1ff4-78ec-4cf2-bebc-fa4adb8eda67,1777852800000,
63130130,7206,dbbf6cea-363c-4c17-bee5-de4ca8a3989a.binning_data.json,4194919,6000,63130130,24,2026-05-05 20:30:02.195,com.sec.android.app.shealth,2026-05-04 21:28:40.193,dbbf6cea-363c-4c17-bee5-de4ca8a3989a.source_info.json,1.3208214,5540.7397,226.97997,7182,VfS0qUERdZ,com.sec.android.app.shealth,0,dbbf6cea-363c-4c17-bee5-de4ca8a3989a.achievement.json,dbbf6cea-363c-4c17-bee5-de4ca8a3989a,1777939200000,
63130130,3219,fc81e99d-376a-4bd1-89b2-661a8c662f59.binning_data.json,1976192,6000,63130130,8,2026-05-06 20:31:05.559,com.sec.android.app.shealth,2026-05-05 20:30:01.532,,1.2434666,2457.3298,104.10999,3211,9D1LETwId9,com.sec.android.app.shealth,0,fc81e99d-376a-4bd1-89b2-661a8c662f59.achievement.json,fc81e99d-376a-4bd1-89b2-661a8c662f59,1778025600000,
63130130,7206,28eab442-e6b4-471e-8e6c-46dacdcaff56.binning_data.json,4194919,6000,63130130,24,2026-05-05 20:30:01.574,com.sec.android.app.shealth,2026-05-05 20:30:01.574,,1.3208214,5540.7397,226.97997,7182,9D1LETwId9,com.sec.android.app.shealth,0,28eab442-e6b4-471e-8e6c-46dacdcaff56.achievement.json,28eab442-e6b4-471e-8e6c-46dacdcaff56,1777939200000,
63130130,3219,69807cbd-7f42-4d4d-b51e-256fe9c90502.binning_data.json,1976192,6000,63130130,8,2026-05-07 20:30:01.727,com.sec.android.app.shealth,2026-05-05 20:30:02.126,69807cbd-7f42-4d4d-b51e-256fe9c90502.source_info.json,1.2434666,2457.3298,104.10999,3211,VfS0qUERdZ,com.sec.android.app.shealth,0,69807cbd-7f42-4d4d-b51e-256fe9c90502.achievement.json,69807cbd-7f42-4d4d-b51e-256fe9c90502,1778025600000,
63130130,5849,73ae00de-754e-4748-9da8-acef9b110dc0.binning_data.json,3433527,6000,63130130,11,2026-05-07 20:30:01.366,com.sec.android.app.shealth,2026-05-06 20:31:05.524,,1.3022727,4471.39,185.01999,5838,9D1LETwId9,com.sec.android.app.shealth,0,73ae00de-754e-4748-9da8-acef9b110dc0.achievement.json,73ae00de-754e-4748-9da8-acef9b110dc0,1778112000000,
63130130,5849,589ca18a-ca60-4ff7-a46f-495145769e6b.binning_data.json,3433527,6000,63130130,11,2026-05-07 19:55:26.710,com.sec.android.app.shealth,2026-05-06 20:31:05.621,589ca18a-ca60-4ff7-a46f-495145769e6b.source_info.json,1.3022727,4471.39,185.01999,5838,VfS0qUERdZ,com.sec.android.app.shealth,0,589ca18a-ca60-4ff7-a46f-495145769e6b.achievement.json,589ca18a-ca60-4ff7-a46f-495145769e6b,1778112000000,
63130130,1986,6887f204-7402-4dd7-a190-e04d360e4ea8.binning_data.json,1325070,6000,63130130,1,2026-05-08 19:01:48.903,com.sec.android.app.shealth,2026-05-07 20:51:16.954,6887f204-7402-4dd7-a190-e04d360e4ea8.source_info.json,1.1200086,1484.09,64.61999,1985,VfS0qUERdZ,com.sec.android.app.shealth,0,6887f204-7402-4dd7-a190-e04d360e4ea8.achievement.json,6887f204-7402-4dd7-a190-e04d360e4ea8,1778198400000,
63130130,1986,d8ce3923-fc8a-4a8d-8f50-623893a611fa.binning_data.json,1325070,6000,63130130,1,2026-05-08 20:30:01.726,com.sec.android.app.shealth,2026-05-08 20:30:01.726,,1.1200086,1484.09,64.61999,1985,9D1LETwId9,com.sec.android.app.shealth,0,d8ce3923-fc8a-4a8d-8f50-623893a611fa.achievement.json,d8ce3923-fc8a-4a8d-8f50-623893a611fa,1778198400000,
63130130,5544,2204e9c8-a88f-4621-ba8c-ab65777121b5.binning_data.json,3305849,6000,63130130,6,2026-05-10 20:30:01.668,com.sec.android.app.shealth,2026-05-08 21:19:27.907,2204e9c8-a88f-4621-ba8c-ab65777121b5.source_info.json,1.266192,4185.84,172.57999,5538,VfS0qUERdZ,com.sec.android.app.shealth,0,2204e9c8-a88f-4621-ba8c-ab65777121b5.achievement.json,2204e9c8-a88f-4621-ba8c-ab65777121b5,1778284800000,
63130130,5544,c4f2b828-0d1c-4de8-bb9d-6229b2ad90f5.binning_data.json,3305849,6000,63130130,6,2026-05-09 20:35:02.801,com.sec.android.app.shealth,2026-05-09 20:30:01.509,,1.266192,4185.84,172.57999,5538,9D1LETwId9,com.sec.android.app.shealth,0,c4f2b828-0d1c-4de8-bb9d-6229b2ad90f5.achievement.json,c4f2b828-0d1c-4de8-bb9d-6229b2ad90f5,1778284800000,
63130130,3741,1211d527-8174-4939-8799-0b993569649e.binning_data.json,2282208,6000,63130130,0,2026-05-10 20:30:01.298,com.sec.android.app.shealth,2026-05-09 20:35:02.791,,1.2406054,2831.32,118.159996,3741,9D1LETwId9,com.sec.android.app.shealth,0,1211d527-8174-4939-8799-0b993569649e.achievement.json,1211d527-8174-4939-8799-0b993569649e,1778371200000,
63130130,3741,5b61b5a0-1891-4f97-9653-50622b4508f9.binning_data.json,2282208,6000,63130130,0,2026-05-10 19:12:02.837,com.sec.android.app.shealth,2026-05-09 20:35:02.975,5b61b5a0-1891-4f97-9653-50622b4508f9.source_info.json,1.2406054,2831.32,118.159996,3741,VfS0qUERdZ,com.sec.android.app.shealth,0,5b61b5a0-1891-4f97-9653-50622b4508f9.achievement.json,5b61b5a0-1891-4f97-9653-50622b4508f9,1778371200000,
63130130,5774,80fb6c34-503a-4cdc-810e-e72664327571.binning_data.json,3443009,6000,63130130,18,2026-05-11 19:00:51.034,com.sec.android.app.shealth,2026-05-10 22:23:51.765,80fb6c34-503a-4cdc-810e-e72664327571.source_info.json,1.2927035,4450.79,185.15999,5756,VfS0qUERdZ,com.sec.android.app.shealth,0,80fb6c34-503a-4cdc-810e-e72664327571.achievement.json,80fb6c34-503a-4cdc-810e-e72664327571,1778457600000,
63130130,5774,13509100-6400-456d-aa34-96a4de04dc66.binning_data.json,3443009,6000,63130130,18,2026-05-11 20:30:01.051,com.sec.android.app.shealth,2026-05-11 20:30:01.051,,1.2927035,4450.79,185.15999,5756,9D1LETwId9,com.sec.android.app.shealth,0,13509100-6400-456d-aa34-96a4de04dc66.achievement.json,13509100-6400-456d-aa34-96a4de04dc66,1778457600000,
63130130,6670,03bd5165-2f3f-41b0-a850-1028b9fcad77.binning_data.json,4099854,6000,63130130,3,2026-05-13 20:30:01.339,com.sec.android.app.shealth,2026-05-11 21:58:32.052,03bd5165-2f3f-41b0-a850-1028b9fcad77.source_info.json,1.2215312,5008.1,207.25998,6667,VfS0qUERdZ,com.sec.android.app.shealth,0,03bd5165-2f3f-41b0-a850-1028b9fcad77.achievement.json,03bd5165-2f3f-41b0-a850-1028b9fcad77,1778544000000,
63130130,6670,46210426-9df6-4764-825c-94eb99ec52d7.binning_data.json,4099854,6000,63130130,3,2026-05-12 20:35:50.281,com.sec.android.app.shealth,2026-05-12 20:30:01.148,,1.2215312,5008.1,207.25998,6667,9D1LETwId9,com.sec.android.app.shealth,0,46210426-9df6-4764-825c-94eb99ec52d7.achievement.json,46210426-9df6-4764-825c-94eb99ec52d7,1778544000000,
63130130,3554,f12e8a2e-f55b-47f2-b1ab-b38cb5fd61ff.binning_data.json,2216772,6000,63130130,2,2026-05-13 20:27:04.390,com.sec.android.app.shealth,2026-05-12 20:49:38.365,f12e8a2e-f55b-47f2-b1ab-b38cb5fd61ff.source_info.json,1.1987926,2657.45,111.80999,3552,VfS0qUERdZ,com.sec.android.app.shealth,0,f12e8a2e-f55b-47f2-b1ab-b38cb5fd61ff.achievement.json,f12e8a2e-f55b-47f2-b1ab-b38cb5fd61ff,1778630400000,
63130130,3554,0dbe126e-fa6a-48a8-9d4c-0d561f906ee5.binning_data.json,2216772,6000,63130130,2,2026-05-13 20:30:00.904,com.sec.android.app.shealth,2026-05-13 20:30:00.904,,1.1987926,2657.45,111.80999,3552,9D1LETwId9,com.sec.android.app.shealth,0,0dbe126e-fa6a-48a8-9d4c-0d561f906ee5.achievement.json,0dbe126e-fa6a-48a8-9d4c-0d561f906ee5,1778630400000,
63130130,2986,9f2aedb9-1279-45d0-963a-859751dfdcec.binning_data.json,1848285,6000,63130130,0,2026-05-14 20:16:04.423,com.sec.android.app.shealth,2026-05-13 22:06:07.963,9f2aedb9-1279-45d0-963a-859751dfdcec.source_info.json,1.2045434,2226.3398,93.7,2986,VfS0qUERdZ,com.sec.android.app.shealth,0,9f2aedb9-1279-45d0-963a-859751dfdcec.achievement.json,9f2aedb9-1279-45d0-963a-859751dfdcec,1778716800000,
63130130,2986,101fbf86-8382-4ceb-a547-b14d182c0ca4.binning_data.json,1848285,6000,63130130,0,2026-05-14 20:30:04.781,com.sec.android.app.shealth,2026-05-14 20:30:04.781,,1.2045434,2226.3398,93.7,2986,9D1LETwId9,com.sec.android.app.shealth,0,101fbf86-8382-4ceb-a547-b14d182c0ca4.achievement.json,101fbf86-8382-4ceb-a547-b14d182c0ca4,1778716800000,
63130130,1876,4a150b46-127d-47fa-8aef-19f8b3736a46.binning_data.json,1252426,6000,63130130,1,2026-05-15 20:08:33.539,com.sec.android.app.shealth,2026-05-14 21:55:07.352,4a150b46-127d-47fa-8aef-19f8b3736a46.source_info.json,1.1197306,1402.38,60.90999,1875,VfS0qUERdZ,com.sec.android.app.shealth,0,4a150b46-127d-47fa-8aef-19f8b3736a46.achievement.json,4a150b46-127d-47fa-8aef-19f8b3736a46,1778803200000,
63130130,1876,21adb836-ca8f-4e8a-bbe2-b9ed880e5332.binning_data.json,1252426,6000,63130130,1,2026-05-15 20:30:01.279,com.sec.android.app.shealth,2026-05-15 20:30:01.279,,1.1197306,1402.38,60.90999,1875,9D1LETwId9,com.sec.android.app.shealth,0,21adb836-ca8f-4e8a-bbe2-b9ed880e5332.achievement.json,21adb836-ca8f-4e8a-bbe2-b9ed880e5332,1778803200000,
63130130,1779,7e909658-7dc3-48e0-94a2-0af81a199293.binning_data.json,1076009,6000,63130130,0,2026-05-16 12:02:36.583,com.sec.android.app.shealth,2026-05-15 20:54:22.016,7e909658-7dc3-48e0-94a2-0af81a199293.source_info.json,1.2617363,1357.64,56.44999,1779,VfS0qUERdZ,com.sec.android.app.shealth,0,7e909658-7dc3-48e0-94a2-0af81a199293.achievement.json,7e909658-7dc3-48e0-94a2-0af81a199293,1778889600000,
