com.samsung.shealth.activity.day_summary,6313013,6
movement_type,create_sh_ver,energy_type,exercise_time,step_count,exercise_calorie_target,active_time,target,others_time,modify_sh_ver,update_time,floors_target,create_time,floor_count,dynamic_active_time_target,exercise_time_target,goal,longest_active_time,score,move_hourly_count,duration_type,move_hourly_target,distance,dynamic_active_time,calorie,extra_data,deviceuuid,run_time,pkg_name,walk_time,longest_idle_time,datauuid,day_time
0,62950170,0,0,51,300,34017,90,0,63070030,2026-02-10 12:37:23.453,10,2026-02-09 20:24:41.215,0.0,30,30,-1,17342,0,1,0,8,37.239998,0,1.8500001,f7731ca3-fb0e-422d-9dbe-f17eeff0a69f.extra_data.json,9D1LETwId9,0,com.sec.android.app.shealth,34017,86400000,f7731ca3-fb0e-422d-9dbe-f17eeff0a69f,2026-02-09 00:00:00.000,
0,62950170,0,0,0,300,0,90,0,62950170,2026-02-09 20:28:45.268,10,2026-02-09 20:24:41.882,0.0,30,30,-1,0,0,0,0,8,0.0,0,0.0,73d38bf4-b245-4f90-8f7b-4b3da5bca22f.extra_data.json,9D1LETwId9,0,com.sec.android.app.shealth,0,86400000,73d38bf4-b245-4f90-8f7b-4b3da5bca22f,2026-02-08 00:00:00.000,
0,62950170,0,0,0,300,0,90,0,62950170,2026-02-09 20:24:42.040,10,2026-02-09 20:24:42.040,0.0,30,30,-1,0,0,0,0,8,0.0,0,0.0,cff79dca-1311-4e67-86eb-5989f0c60723.extra_data.json,9D1LETwId9,0,com.sec.android.app.shealth,0,86400000,cff79dca-1311-4e67-86eb-5989f0c60723,2026-02-07 00:00:00.000,
0,62950170,0,0,0,300,0,90,0,62950170,2026-02-09 20:24:42.120,10,2026-02-09 20:24:42.120,0.0,30,30,-1,0,0,0,0,8,0.0,0,0.0,7031724e-f0a6-4188-8762-2f37e2df441f.extra_data.json,9D1LETwId9,0,com.sec.android.app.shealth,0,86400000,7031724e-f0a6-4188-8762-2f37e2df441f,2026-02-06 00:00:00.000,
0,62950170,0,0,0,300,0,90,0,62950170,2026-02-09 20:24:42.221,10,2026-02-09 20:24:42.221,0.0,30,30,-1,0,0,0,0,8,0.0,0,0.0,8f2c7b1b-e04f-4487-b43a-e835c5545c3d.extra_data.json,9D1LETwId9,0,com.sec.android.app.shealth,0,86400000,8f2c7b1b-e04f-4487-b43a-e835c5545c3d,2026-02-05 00:00:00.000,
0,62950170,0,0,0,300,0,90,0,62950170,2026-02-09 20:24:42.304,10,2026-02-09 20:24:42.304,0.0,30,30,-1,0,0,0,0,8,0.0,0,0.0,3109f5d8-214c-42df-9c77-dec3301b4265.extra_data.json,9D1LETwId9,0,com.sec.android.app.shealth,0,86400000,3109f5d8-214c-42df-9c77-dec3301b4265,2026-02-04 00:00:00.000,
0,62950170,0,0,0,300,0,90,0,62950170,2026-02-09 20:24:42.383,10,2026-02-09 20:24:42.383,0.0,30,30,-1,0,0,0,0,8,0.0,0,0.0,e304f195-945a-4273-b26d-1aa61a7baf93.extra_data.json,9D1LETwId9,0,com.sec.android.app.shealth,0,86400000,e304f195-945a-4273-b26d-1aa61a7baf93,2026-02-03 00:00:00.000,
0,62950170,0,0,0,300,0,90,0,62950170,2026-02-09 20:24:42.461,10,2026-02-09 20:24:42.461,0.0,30,30,-1,0,0,0,0,8,0.0,0,0.0,203fdd98-763b-4a1d-beb0-e6e305e891ee.extra_data.json,9D1LETwId9,0,com.sec.android.app.shealth,0,86400000,203fdd98-763b-4a1d-beb0-e6e305e891ee,2026-02-02 00:00:00.000,
0,62950170,0,0,0,300,0,90,0,62950170,2026-02-09 20:24:42.548,10,2026-02-09 20:24:42.548,0.0,30,30,-1,0,0,0,0,8,0.0,0,0.0,a07b1af4-5906-4fc9-9bf8-d5a83b8aca6f.extra_data.json,9D1LETwId9,0,com.sec.android.app.shealth,0,86400000,a07b1af4-5906-4fc9-9bf8-d5a83b8aca6f,2026-02-01 00:00:00.000,
0,62950170,0,0,0,300,0,90,0,62950170,2026-02-09 20:24:42.623,10,2026-02-09 20:24:42.623,0.0,30,30,-1,0,0,0,0,8,0.0,0,0.0,56e35360-70c3-495a-9c2b-66a4b5c55496.extra_data.json,9D1LETwId9,0,com.sec.android.app.shealth,0,86400000,56e35360-70c3-495a-9c2b-66a4b5c55496,2026-01-31 00:00:00.000,
0,62950170,0,0,0,300,0,90,0,62950170,2026-02-09 20:24:42.750,10,2026-02-09 20:24:42.750,0.0,30,30,-1,0,0,0,0,8,0.0,0,0.0,7dccc333-b3af-4b7b-a8ec-45028013fbf0.extra_data.json,9D1LETwId9,0,com.sec.android.app.shealth,0,86400000,7dccc333-b3af-4b7b-a8ec-45028013fbf0,2026-01-30 00:00:00.000,
0,62950170,0,0,0,300,0,90,0,62950170,2026-02-09 20:24:42.973,10,2026-02-09 20:24:42.973,0.0,30,30,-1,0,0,0,0,8,0.0,0,0.0,9ad9a659-5416-47ce-88b2-8183e38b63ea.extra_data.json,9D1LETwId9,0,com.sec.android.app.shealth,0,86400000,9ad9a659-5416-47ce-88b2-8183e38b63ea,2026-01-29 00:00:00.000,
0,62950170,0,0,0,300,0,90,0,62950170,2026-02-09 20:24:43.047,10,2026-02-09 20:24:43.047,0.0,30,30,-1,0,0,0,0,8,0.0,0,0.0,afe4f341-7727-4ed5-9430-3f1974f5e3f0.extra_data.json,9D1LETwId9,0,com.sec.android.app.shealth,0,86400000,afe4f341-7727-4ed5-9430-3f1974f5e3f0,2026-01-28 00:00:00.000,
0,62950170,0,0,0,300,0,90,0,62950170,2026-02-09 20:24:43.128,10,2026-02-09 20:24:43.128,0.0,30,30,-1,0,0,0,0,8,0.0,0,0.0,989091c7-4ea8-4ea6-9a78-ee1034211094.extra_data.json,9D1LETwId9,0,com.sec.android.app.shealth,0,86400000,989091c7-4ea8-4ea6-9a78-ee1034211094,2026-01-27 00:00:00.000,
0,62950170,0,0,0,300,0,90,0,62950170,2026-02-09 20:24:43.211,10,2026-02-09 20:24:43.211,0.0,30,30,-1,0,0,0,0,8,0.0,0,0.0,3f9e2bed-7233-4310-ba45-6e31871ea58e.extra_data.json,9D1LETwId9,0,com.sec.android.app.shealth,0,86400000,3f9e2bed-7233-4310-ba45-6e31871ea58e,2026-01-26 00:00:00.000,
0,62950170,0,0,0,300,0,90,0,62950170,2026-02-09 20:24:43.288,10,2026-02-09 20:24:43.288,0.0,30,30,-1,0,0,0,0,8,0.0,0,0.0,5264f18d-a510-4a1a-a48a-9b613f75a760.extra_data.json,9D1LETwId9,0,com.sec.android.app.shealth,0,86400000,5264f18d-a510-4a1a-a48a-9b613f75a760,2026-01-25 00:00:00.000,
0,62950170,0,0,0,300,0,90,0,62950170,2026-02-09 20:24:43.376,10,2026-02-09 20:24:43.376,0.0,30,30,-1,0,0,0,0,8,0.0,0,0.0,4a229be8-fe8a-4ad2-a759-23320e142aeb.extra_data.json,9D1LETwId9,0,com.sec.android.app.shealth,0,86400000,4a229be8-fe8a-4ad2-a759-23320e142aeb,2026-01-24 00:00:00.000,
0,62950170,0,0,0,300,0,90,0,62950170,2026-02-09 20:24:43.463,10,2026-02-09 20:24:43.463,0.0,30,30,-1,0,0,0,0,8,0.0,0,0.0,a67c60fd-7920-4f96-a7ef-748bed9b6e1f.extra_data.json,9D1LETwId9,0,com.sec.android.app.shealth,0,86400000,a67c60fd-7920-4f96-a7ef-748bed9b6e1f,2026-01-23 00:00:00.000,
0,62950170,0,0,0,300,0,90,0,62950170,2026-02-09 20:24:43.553,10,2026-02-09 20:24:43.553,0.0,30,30,-1,0,0,0,0,8,0.0,0,0.0,52ca0d10-3cea-447f-9c2e-309d3e11e71f.extra_data.json,9D1LETwId9,0,com.sec.android.app.shealth,0,86400000,52ca0d10-3cea-447f-9c2e-309d3e11e71f,2026-01-22 00:00:00.000,
0,62950170,0,0,0,300,0,90,0,62950170,2026-02-09 20:24:43.640,10,2026-02-09 20:24:43.640,0.0,30,30,-1,0,0,0,0,8,0.0,0,0.0,0f5a84f4-3ff9-45fa-895c-8534b785a572.extra_data.json,9D1LETwId9,0,com.sec.android.app.shealth,0,86400000,0f5a84f4-3ff9-45fa-895c-8534b785a572,2026-01-21 00:00:00.000,
0,62950170,0,0,0,300,0,90,0,62950170,2026-02-09 20:24:43.725,10,2026-02-09 20:24:43.725,0.0,30,30,-1,0,0,0,0,8,0.0,0,0.0,20377d67-afcc-4acc-bc0b-33ad9f5ce665.extra_data.json,9D1LETwId9,0,com.sec.android.app.shealth,0,86400000,20377d67-afcc-4acc-bc0b-33ad9f5ce665,2026-01-20 00:00:00.000,
0,62950170,0,0,0,300,0,90,0,62950170,2026-02-09 20:24:43.809,10,2026-02-09 20:24:43.809,0.0,30,30,-1,0,0,0,0,8,0.0,0,0.0,d64799f5-cfb1-415d-ac48-ab0ea8ed6a3e.extra_data.json,9D1LETwId9,0,com.sec.android.app.shealth,0,86400000,d64799f5-cfb1-415d-ac48-ab0ea8ed6a3e,2026-01-19 00:00:00.000,
0,62950170,0,0,0,300,0,90,0,62950170,2026-02-09 20:24:43.909,10,2026-02-09 20:24:43.909,0.0,30,30,-1,0,0,0,0,8,0.0,0,0.0,f4b7147f-1280-45ee-b349-37d2a8b9ff10.extra_data.json,9D1LETwId9,0,com.sec.android.app.shealth,0,86400000,f4b7147f-1280-45ee-b349-37d2a8b9ff10,2026-01-18 00:00:00.000,
0,62950170,0,0,0,300,0,90,0,62950170,2026-02-09 20:24:44.019,10,2026-02-09 20:24:44.019,0.0,30,30,-1,0,0,0,0,8,0.0,0,0.0,fbb188a7-3c6d-4cef-8ecf-4cf89c71f3bb.extra_data.json,9D1LETwId9,0,com.sec.android.app.shealth,0,86400000,fbb188a7-3c6d-4cef-8ecf-4cf89c71f3bb,2026-01-17 00:00:00.000,
0,62950170,0,0,0,300,0,90,0,62950170,2026-02-09 20:24:44.107,10,2026-02-09 20:24:44.107,0.0,30,30,-1,0,0,0,0,8,0.0,0,0.0,93ff7fbc-f8a7-4824-ad5d-dbe1644afee0.extra_data.json,9D1LETwId9,0,com.sec.android.app.shealth,0,86400000,93ff7fbc-f8a7-4824-ad5d-dbe1644afee0,2026-01-16 00:00:00.000,
0,62950170,0,0,0,300,0,90,0,62950170,2026-02-09 20:24:44.182,10,2026-02-09 20:24:44.182,0.0,30,30,-1,0,0,0,0,8,0.0,0,0.0,c432e164-8904-4b9c-97db-6315d20d1eef.extra_data.json,9D1LETwId9,0,com.sec.android.app.shealth,0,86400000,c432e164-8904-4b9c-97db-6315d20d1eef,2026-01-15 00:00:00.000,
0,62950170,0,0,0,300,0,90,0,62950170,2026-02-09 20:24:44.273,10,2026-02-09 20:24:44.273,0.0,30,30,-1,0,0,0,0,8,0.0,0,0.0,6a76c38c-5d82-4a30-9663-3dfa8bc7a84a.extra_data.json,9D1LETwId9,0,com.sec.android.app.shealth,0,86400000,6a76c38c-5d82-4a30-9663-3dfa8bc7a84a,2026-01-14 00:00:00.000,
0,62950170,0,0,0,300,0,90,0,62950170,2026-02-09 20:24:44.369,10,2026-02-09 20:24:44.369,0.0,30,30,-1,0,0,0,0,8,0.0,0,0.0,69e34f45-87eb-48a9-8ddd-93d4dda21454.extra_data.json,9D1LETwId9,0,com.sec.android.app.shealth,0,86400000,69e34f45-87eb-48a9-8ddd-93d4dda21454,2026-01-13 00:00:00.000,
0,62950170,0,0,2944,300,1927405,90,0,63070030,2026-02-10 20:44:40.312,10,2026-02-09 20:30:00.554,0.0,30,30,-1,180000,35,17,0,8,2217.4602,0,112.71998,6931f6ac-dc53-4d0f-a15e-da81cc006cee.extra_data.json,9D1LETwId9,3200,com.sec.android.app.shealth,1924205,86400000,6931f6ac-dc53-4d0f-a15e-da81cc006cee,2026-02-10 00:00:00.000,
0,63070030,0,0,3751,300,2457580,90,0,63070030,2026-02-11 21:04:28.275,10,2026-02-10 20:30:00.390,0.0,30,30,-1,180000,44,15,0,8,2833.8909,0,144.35007,099f03c7-8c2a-42e8-bf54-fd2d79e65477.extra_data.json,9D1LETwId9,3200,com.sec.android.app.shealth,2454380,86400000,099f03c7-8c2a-42e8-bf54-fd2d79e65477,2026-02-11 00:00:00.000,
0,63070030,0,0,2906,300,1886895,90,0,63070030,2026-02-12 20:35:52.190,10,2026-02-11 20:30:00.372,0.0,30,30,-1,240000,34,13,0,8,2212.9595,0,114.62001,b292e3e9-f299-47ef-80c9-5284912dc03f.extra_data.json,9D1LETwId9,2800,com.sec.android.app.shealth,1884095,86400000,b292e3e9-f299-47ef-80c9-5284912dc03f,2026-02-12 00:00:00.000,
0,63070030,0,0,3729,300,2359677,90,0,63070030,2026-02-13 20:43:40.837,10,2026-02-12 20:30:00.499,0.0,30,30,-1,180000,43,14,0,8,2865.1997,0,144.8,c1ecefe0-68fc-43a5-b147-c0fba8ca8ad0.extra_data.json,9D1LETwId9,4800,com.sec.android.app.shealth,2354877,86400000,c1ecefe0-68fc-43a5-b147-c0fba8ca8ad0,2026-02-13 00:00:00.000,
0,63070030,0,0,4038,300,2615097,90,0,63070030,2026-02-14 20:44:51.103,10,2026-02-13 20:30:00.482,0.0,30,30,-1,180000,47,16,0,8,3022.519,0,152.33998,a51a4dc0-e367-470b-8c5d-537c8300d0d6.extra_data.json,9D1LETwId9,0,com.sec.android.app.shealth,2615097,86400000,a51a4dc0-e367-470b-8c5d-537c8300d0d6,2026-02-14 00:00:00.000,
0,63070030,0,0,3095,300,2059399,90,0,63070030,2026-02-16 06:31:57.548,10,2026-02-14 20:30:00.262,0.0,30,30,-1,60000,37,14,0,8,2338.2295,0,119.83997,c01a695a-73fa-4134-b9fa-0fb2cdb90b6e.extra_data.json,9D1LETwId9,400,com.sec.android.app.shealth,2058999,86400000,c01a695a-73fa-4134-b9fa-0fb2cdb90b6e,2026-02-15 00:00:00.000,
0,63070030,0,0,6760,300,4292622,90,0,63070030,2026-02-16 20:31:44.546,10,2026-02-15 20:30:00.538,0.0,30,30,-1,300000,78,17,0,8,5126.9893,0,214.82997,ca4d251a-5d2f-412c-a8ac-4aa1b7b49bfb.extra_data.json,9D1LETwId9,7200,com.sec.android.app.shealth,4285422,86400000,ca4d251a-5d2f-412c-a8ac-4aa1b7b49bfb,2026-02-16 00:00:00.000,
0,63070030,0,0,3058,300,1995617,90,0,63070030,2026-02-17 20:30:09.871,10,2026-02-16 20:30:01.035,0.0,30,30,-1,240000,36,17,0,8,2344.3403,0,100.169975,9235749b-296e-4e46-938a-2ba489d97e0f.extra_data.json,9D1LETwId9,800,com.sec.android.app.shealth,1994817,86400000,9235749b-296e-4e46-938a-2ba489d97e0f,2026-02-17 00:00:00.000,
0,63070030,0,0,4073,300,2639345,90,0,63070030,2026-02-18 20:30:18.258,10,2026-02-17 20:30:00.188,0.0,30,30,-1,240000,47,15,0,8,3046.0396,0,128.71997,e42bb9ea-2da5-4a8a-9a50-67977105475e.extra_data.json,9D1LETwId9,1600,com.sec.android.app.shealth,2637745,86400000,e42bb9ea-2da5-4a8a-9a50-67977105475e,2026-02-18 00:00:00.000,
0,63070030,0,0,3945,300,2532728,90,0,63070030,2026-02-19 20:31:08.999,10,2026-02-18 20:30:00.335,0.0,30,30,-1,180000,46,14,0,8,2966.731,0,124.920006,4e64a2f4-b3a6-41da-af57-d19f66bf04cf.extra_data.json,9D1LETwId9,2400,com.sec.android.app.shealth,2530328,86400000,4e64a2f4-b3a6-41da-af57-d19f66bf04cf,2026-02-19 00:00:00.000,
0,63070030,0,626000,4943,300,3148943,90,0,63070030,2026-02-20 21:11:13.705,10,2026-02-19 20:30:00.371,0.0,30,30,-1,626000,57,16,0,8,3793.1606,0,158.33128,1e27c902-887a-4e4e-8fde-50595f96e2f4.extra_data.json,9D1LETwId9,6400,com.sec.android.app.shealth,3142543,86400000,1e27c902-887a-4e4e-8fde-50595f96e2f4,2026-02-20 00:00:00.000,
0,63070030,0,3060000,13535,300,8645667,90,0,63070030,2026-02-21 21:26:31.213,10,2026-02-20 20:30:00.403,0.0,30,30,-1,1140000,158,17,0,8,10289.182,0,421.2598,4922cfc5-a6f5-454c-9541-f07b2759f543.extra_data.json,9D1LETwId9,6144,com.sec.android.app.shealth,8639523,86400000,4922cfc5-a6f5-454c-9541-f07b2759f543,2026-02-21 00:00:00.000,
0,63070030,0,0,3893,300,2541637,90,0,63070030,2026-02-22 21:19:00.031,10,2026-02-21 20:30:00.285,0.0,30,30,-1,240000,46,15,0,8,2912.07,0,123.02003,04f249ef-8c94-4699-89e3-3e41df75ccf1.extra_data.json,9D1LETwId9,0,com.sec.android.app.shealth,2541637,86400000,04f249ef-8c94-4699-89e3-3e41df75ccf1,2026-02-22 00:00:00.000,
0,63070030,0,0,3210,300,2072989,90,0,63070030,2026-02-23 20:31:29.280,10,2026-02-22 20:30:00.505,0.0,30,30,-1,180000,37,16,0,8,2413.3901,0,103.17999,5ca9a7dd-d78f-4686-a1ee-dbac710284fe.extra_data.json,9D1LETwId9,800,com.sec.android.app.shealth,2072189,86400000,5ca9a7dd-d78f-4686-a1ee-dbac710284fe,2026-02-23 00:00:00.000,
0,63070030,0,0,2034,300,1356144,90,0,63070030,2026-02-24 20:43:19.059,10,2026-02-23 20:30:00.522,0.0,30,30,-1,35351,24,14,0,8,1510.9396,0,65.520004,b863c62d-f4f2-47a6-ba64-d26c32e16ddd.extra_data.json,9D1LETwId9,800,com.sec.android.app.shealth,1355344,86400000,b863c62d-f4f2-47a6-ba64-d26c32e16ddd,2026-02-24 00:00:00.000,
0,63070030,0,0,5773,300,3601733,90,0,63070030,2026-02-26 19:44:05.472,10,2026-02-24 20:30:00.373,0.0,30,30,-1,360000,66,17,0,8,4371.1787,0,182.42996,c5db9ab7-6512-464a-b9f0-9aa222f815c5.extra_data.json,9D1LETwId9,1200,com.sec.android.app.shealth,3600533,86400000,c5db9ab7-6512-464a-b9f0-9aa222f815c5,2026-02-25 00:00:00.000,
0,63070030,0,0,3609,300,2370204,90,0,63070030,2026-02-26 21:02:50.358,10,2026-02-25 20:30:00.429,0.0,30,30,-1,180000,43,14,0,8,2729.3594,0,117.10999,31cb40a2-85c3-480f-942d-1abe2e459a42.extra_data.json,9D1LETwId9,1200,com.sec.android.app.shealth,2369004,86400000,31cb40a2-85c3-480f-942d-1abe2e459a42,2026-02-26 00:00:00.000,
0,63070030,0,0,2643,300,1762881,90,0,63070030,2026-02-27 20:52:43.144,10,2026-02-26 20:30:01.104,0.0,30,30,-1,52693,32,16,0,8,1962.8096,0,84.759995,8fa10e14-93ef-4ccf-b431-6e2629da2fc4.extra_data.json,9D1LETwId9,0,com.sec.android.app.shealth,1762881,86400000,8fa10e14-93ef-4ccf-b431-6e2629da2fc4,2026-02-27 00:00:00.000,
0,63070030,0,863000,6579,300,4005373,90,0,63070030,2026-02-28 21:10:46.140,10,2026-02-27 20:30:00.219,0.0,30,30,-1,923000,73,16,0,8,5137.309,0,211.01219,185a4798-92ab-4591-be68-b179c7661d51.extra_data.json,9D1LETwId9,1600,com.sec.android.app.shealth,4003773,86400000,185a4798-92ab-4591-be68-b179c7661d51,2026-02-28 00:00:00.000,
0,63070030,0,0,1889,300,1257827,90,0,63070030,2026-03-01 20:57:04.420,10,2026-02-28 20:30:00.775,0.0,30,30,-1,53360,22,15,0,8,1439.0197,0,63.079983,97660c25-7a82-4105-bee6-0de460d4a0a2.extra_data.json,9D1LETwId9,3200,com.sec.android.app.shealth,1254627,86400000,97660c25-7a82-4105-bee6-0de460d4a0a2,2026-03-01 00:00:00.000,
0,63070030,0,0,3540,300,2263880,90,0,63070030,2026-03-02 21:08:07.907,10,2026-03-01 20:30:00.338,0.0,30,30,-1,180000,41,15,0,8,2789.1,0,119.20001,48c1f0a8-aec8-466d-b939-5ed6b85522d3.extra_data.json,9D1LETwId9,9600,com.sec.android.app.shealth,2254280,86400000,48c1f0a8-aec8-466d-b939-5ed6b85522d3,2026-03-02 00:00:00.000,
0,63070030,0,0,2247,300,1497681,90,0,63070030,2026-03-03 20:30:46.402,10,2026-03-02 20:30:01.462,0.0,30,30,-1,42688,26,12,0,8,1699.7299,0,74.31,c1723eec-22e7-48a3-85d7-9e3258dfbac5.extra_data.json,9D1LETwId9,1600,com.sec.android.app.shealth,1496081,86400000,c1723eec-22e7-48a3-85d7-9e3258dfbac5,2026-03-03 00:00:00.000,
0,63070030,0,0,2937,300,1933216,90,0,63110130,2026-03-05 13:37:36.306,10,2026-03-03 20:30:00.951,0.0,30,30,-1,240000,35,14,0,8,2191.4294,0,93.74999,b277808e-0278-4fc7-bad9-6fef7b435636.extra_data.json,9D1LETwId9,400,com.sec.android.app.shealth,1932816,86400000,b277808e-0278-4fc7-bad9-6fef7b435636,2026-03-04 00:00:00.000,
0,63070030,0,0,5514,300,3523161,90,0,63110130,2026-03-05 20:35:33.364,10,2026-03-04 20:30:00.386,0.0,30,30,-1,360000,64,16,0,8,4212.6187,0,176.78995,4c13033c-6dac-4e18-ae37-6e80012c8d94.extra_data.json,9D1LETwId9,7085,com.sec.android.app.shealth,3516076,86400000,4c13033c-6dac-4e18-ae37-6e80012c8d94,2026-03-05 00:00:00.000,
0,63110130,0,0,4614,300,2959592,90,0,63110130,2026-03-06 21:36:02.213,10,2026-03-05 20:30:00.512,0.0,30,30,-1,180000,54,14,0,8,3516.77,0,147.58005,bc050d7d-59d9-4eca-ab26-8b16d0928593.extra_data.json,9D1LETwId9,1200,com.sec.android.app.shealth,2958392,86400000,bc050d7d-59d9-4eca-ab26-8b16d0928593,2026-03-06 00:00:00.000,
0,63110130,0,0,4253,300,2750111,90,0,63110130,2026-03-07 20:37:58.914,10,2026-03-06 20:30:00.883,0.0,30,30,-1,180000,50,12,0,8,3186.8394,0,134.22997,46c133e9-d9cf-40ef-9046-565a2621c990.extra_data.json,9D1LETwId9,400,com.sec.android.app.shealth,2749711,86400000,46c133e9-d9cf-40ef-9046-565a2621c990,2026-03-07 00:00:00.000,
0,63110130,0,0,3377,300,2181116,90,0,63110130,2026-03-08 21:41:07.774,10,2026-03-07 20:30:00.368,0.0,30,30,-1,240000,40,14,0,8,2560.0898,0,107.70998,e2ce2d34-fc6d-4229-9ec0-bab9fb66c4f5.extra_data.json,9D1LETwId9,1600,com.sec.android.app.shealth,2179516,86400000,e2ce2d34-fc6d-4229-9ec0-bab9fb66c4f5,2026-03-08 00:00:00.000,
0,63110130,0,0,1498,300,998899,90,0,63110130,2026-03-09 20:32:52.878,10,2026-03-08 20:30:00.472,0.0,30,30,-1,60000,17,12,0,8,1168.3901,0,50.969997,0621d2b6-a2b3-4b9c-beec-f8d05360c998.extra_data.json,9D1LETwId9,400,com.sec.android.app.shealth,998499,86400000,0621d2b6-a2b3-4b9c-beec-f8d05360c998,2026-03-09 00:00:00.000,
0,63110130,0,0,2829,300,1816831,90,0,63110130,2026-03-10 20:57:28.338,10,2026-03-09 20:30:00.385,0.0,30,30,-1,240000,33,13,0,8,2164.72,0,91.079956,7dc20d3a-a4e4-4fec-bf16-6ba5e615885e.extra_data.json,9D1LETwId9,800,com.sec.android.app.shealth,1816031,86400000,7dc20d3a-a4e4-4fec-bf16-6ba5e615885e,2026-03-10 00:00:00.000,
0,63110130,0,0,3071,300,1890481,90,0,63110130,2026-03-11 20:45:42.747,10,2026-03-10 20:30:00.243,0.0,30,30,-1,180000,34,13,0,8,2341.68,0,97.199974,6dae0250-a19c-4429-a87c-9b796487d5b1.extra_data.json,9D1LETwId9,1200,com.sec.android.app.shealth,1889281,86400000,6dae0250-a19c-4429-a87c-9b796487d5b1,2026-03-11 00:00:00.000,
0,63110130,0,0,4368,300,2719307,90,0,63110130,2026-03-12 20:47:29.407,10,2026-03-11 20:30:00.543,0.0,30,30,-1,180000,50,14,0,8,3347.9304,0,139.33002,e762853b-424f-4c28-8232-e0110cafe5a7.extra_data.json,9D1LETwId9,4400,com.sec.android.app.shealth,2714907,86400000,e762853b-424f-4c28-8232-e0110cafe5a7,2026-03-12 00:00:00.000,
0,63110130,0,0,2243,300,1470838,90,0,63110130,2026-03-13 20:32:42.697,10,2026-03-12 20:30:00.421,0.0,30,30,-1,120000,26,12,0,8,1676.3704,0,72.20999,0f52c5aa-a6aa-4fb3-97dd-228d7282befc.extra_data.json,9D1LETwId9,800,com.sec.android.app.shealth,1470038,86400000,0f52c5aa-a6aa-4fb3-97dd-228d7282befc,2026-03-13 00:00:00.000,
0,63110130,0,0,3560,300,2280365,90,0,63110130,2026-03-14 21:37:03.029,10,2026-03-13 20:30:00.212,0.0,30,30,-1,240000,41,15,0,8,2696.4304,0,113.71,1da27b63-dbbf-4b3a-b84f-74499c54896d.extra_data.json,9D1LETwId9,2800,com.sec.android.app.shealth,2277565,86400000,1da27b63-dbbf-4b3a-b84f-74499c54896d,2026-03-14 00:00:00.000,
0,63110130,0,0,3825,300,2411348,90,0,63110130,2026-03-16 11:23:36.976,10,2026-03-14 20:30:01.642,0.0,30,30,-1,240000,44,14,0,8,2902.8794,0,121.39999,d561d1aa-9a4a-44ef-9f96-d60abada56cd.extra_data.json,9D1LETwId9,1949,com.sec.android.app.shealth,2409399,86400000,d561d1aa-9a4a-44ef-9f96-d60abada56cd,2026-03-15 00:00:00.000,
0,63110130,0,0,2684,300,1729721,90,0,63110130,2026-03-16 21:34:41.172,10,2026-03-15 20:30:00.444,0.0,30,30,-1,240000,31,15,0,8,2050.31,0,87.39999,8bb2c768-3ad0-4088-b7e0-c1dc875cff45.extra_data.json,9D1LETwId9,400,com.sec.android.app.shealth,1729321,86400000,8bb2c768-3ad0-4088-b7e0-c1dc875cff45,2026-03-16 00:00:00.000,
0,63110130,0,0,2772,300,1794153,90,0,63110130,2026-03-17 20:41:55.825,10,2026-03-16 20:30:00.585,0.0,30,30,-1,240000,32,13,0,8,2060.2495,0,87.18999,f2a4cc95-3698-4449-93a8-e1217b479580.extra_data.json,9D1LETwId9,800,com.sec.android.app.shealth,1793353,86400000,f2a4cc95-3698-4449-93a8-e1217b479580,2026-03-17 00:00:00.000,
0,63110130,0,0,5670,300,3587753,90,0,63110130,2026-03-18 21:50:53.557,10,2026-03-17 20:30:00.559,0.0,30,30,-1,360000,65,14,0,8,4362.06,0,180.55997,11ae9a05-e506-4d94-94d8-5440358d1fae.extra_data.json,9D1LETwId9,7919,com.sec.android.app.shealth,3579834,86400000,11ae9a05-e506-4d94-94d8-5440358d1fae,2026-03-18 00:00:00.000,
0,63110130,0,0,2984,300,1939989,90,0,63110130,2026-03-19 21:19:20.106,10,2026-03-18 20:30:00.485,0.0,30,30,-1,240000,35,13,0,8,2229.76,0,93.47999,cabdf9b1-5494-467c-9df1-93ab8b1427c0.extra_data.json,9D1LETwId9,1200,com.sec.android.app.shealth,1938789,86400000,cabdf9b1-5494-467c-9df1-93ab8b1427c0,2026-03-19 00:00:00.000,
0,63110130,0,643000,4061,300,2504257,90,0,63110130,2026-03-20 21:23:56.970,10,2026-03-19 20:30:00.414,0.0,30,30,-1,643000,45,14,0,8,3191.4214,0,135.97052,0e6e8c24-542a-4590-840a-eec61ae430e3.extra_data.json,9D1LETwId9,400,com.sec.android.app.shealth,2503857,86400000,0e6e8c24-542a-4590-840a-eec61ae430e3,2026-03-20 00:00:00.000,
0,63110130,0,0,3644,300,2353142,90,0,63110130,2026-03-21 21:40:43.385,10,2026-03-20 20:30:00.493,0.0,30,30,-1,240000,43,14,0,8,2757.8303,0,116.46999,e4453416-9417-45ba-a864-9c09828266ea.extra_data.json,9D1LETwId9,1600,com.sec.android.app.shealth,2351542,86400000,e4453416-9417-45ba-a864-9c09828266ea,2026-03-21 00:00:00.000,
0,63110130,0,0,3372,300,2174210,90,0,63110130,2026-03-22 21:29:54.612,10,2026-03-21 20:30:00.496,0.0,30,30,-1,300000,40,15,0,8,2556.6003,0,107.34998,a9e75661-702a-4ff2-8ce4-37e2e5343708.extra_data.json,9D1LETwId9,0,com.sec.android.app.shealth,2174210,86400000,a9e75661-702a-4ff2-8ce4-37e2e5343708,2026-03-22 00:00:00.000,
0,63110130,0,0,1904,300,1269167,90,0,63110130,2026-03-23 20:30:15.374,10,2026-03-22 20:30:00.473,0.0,30,30,-1,40020,23,13,0,8,1521.1501,0,66.670006,38e782f3-f320-4859-8bb5-623a1666ce03.extra_data.json,9D1LETwId9,1200,com.sec.android.app.shealth,1267967,86400000,38e782f3-f320-4859-8bb5-623a1666ce03,2026-03-23 00:00:00.000,
0,63110130,0,0,5444,300,3479317,90,0,63110130,2026-03-24 21:59:15.486,10,2026-03-23 20:30:00.430,0.0,30,30,-1,300000,63,13,0,8,4092.1895,0,171.92001,6dc49e5b-9e06-4c0e-9b14-db771bb5152c.extra_data.json,9D1LETwId9,4000,com.sec.android.app.shealth,3475317,86400000,6dc49e5b-9e06-4c0e-9b14-db771bb5152c,2026-03-24 00:00:00.000,
0,63110130,0,0,5984,300,3653340,90,0,63110130,2026-03-25 20:56:14.953,10,2026-03-24 20:30:01.482,0.0,30,30,-1,300000,66,13,0,8,4538.161,0,186.22998,fbc50c7a-ed9d-4142-8195-f536c77180f2.extra_data.json,9D1LETwId9,5600,com.sec.android.app.shealth,3647740,86400000,fbc50c7a-ed9d-4142-8195-f536c77180f2,2026-03-25 00:00:00.000,
0,63110130,0,0,4610,300,2968381,90,0,63110130,2026-03-26 20:47:34.717,10,2026-03-25 20:30:00.506,0.0,30,30,-1,180000,54,15,0,8,3507.9304,0,148.33,6aa392b1-5873-4137-98c8-a84e26ddbd36.extra_data.json,9D1LETwId9,5200,com.sec.android.app.shealth,2963181,86400000,6aa392b1-5873-4137-98c8-a84e26ddbd36,2026-03-26 00:00:00.000,
0,63110130,0,0,4320,300,2521178,90,0,63110130,2026-03-27 20:53:17.773,10,2026-03-26 20:30:00.461,0.0,30,30,-1,420000,45,14,0,8,3364.2502,0,138.44998,926d3a45-801d-4ba8-8a30-3f1b57ca1362.extra_data.json,9D1LETwId9,28334,com.sec.android.app.shealth,2492844,86400000,926d3a45-801d-4ba8-8a30-3f1b57ca1362,2026-03-27 00:00:00.000,
0,63110130,0,0,2467,300,1582210,90,0,63110130,2026-03-28 21:36:11.742,10,2026-03-27 20:30:00.468,0.0,30,30,-1,240000,28,14,0,8,1866.5905,0,78.810005,0082b017-01d3-45f2-81ad-1c5b95127ad3.extra_data.json,9D1LETwId9,1600,com.sec.android.app.shealth,1580610,86400000,0082b017-01d3-45f2-81ad-1c5b95127ad3,2026-03-28 00:00:00.000,
0,63110130,0,0,2810,300,1789646,90,0,63110130,2026-03-29 21:54:21.938,10,2026-03-28 20:30:00.463,0.0,30,30,-1,180000,32,13,0,8,2139.1099,0,90.11002,2ea2e5b6-33a6-45f5-be47-0181bac0bfd2.extra_data.json,9D1LETwId9,3600,com.sec.android.app.shealth,1786046,86400000,2ea2e5b6-33a6-45f5-be47-0181bac0bfd2,2026-03-29 00:00:00.000,
0,63110130,0,0,3126,300,2025201,90,0,63110130,2026-03-30 21:08:15.937,10,2026-03-29 20:30:00.803,0.0,30,30,-1,180000,36,15,0,8,2363.88,0,101.610016,5288bc13-a917-41fb-8bcf-38dc1018e9de.extra_data.json,9D1LETwId9,2400,com.sec.android.app.shealth,2022801,86400000,5288bc13-a917-41fb-8bcf-38dc1018e9de,2026-03-30 00:00:00.000,
0,63110130,0,0,5939,300,3750544,90,0,63110130,2026-03-31 20:56:21.185,10,2026-03-30 20:30:01.585,0.0,30,30,-1,300000,68,13,0,8,4562.2705,0,190.98996,9b684509-a483-4046-8303-0a6cb463792c.extra_data.json,9D1LETwId9,8000,com.sec.android.app.shealth,3742544,86400000,9b684509-a483-4046-8303-0a6cb463792c,2026-03-31 00:00:00.000,
0,63110130,0,0,3438,300,2230296,90,0,63110130,2026-04-01 20:31:09.198,10,2026-03-31 20:30:00.543,0.0,30,30,-1,180000,41,16,0,8,2592.7004,0,110.84999,78be5064-10f6-4019-8cf4-5e867d24db5e.extra_data.json,9D1LETwId9,4000,com.sec.android.app.shealth,2226296,86400000,78be5064-10f6-4019-8cf4-5e867d24db5e,2026-04-01 00:00:00.000,
0,63110130,0,0,2817,300,1872638,90,0,63130130,2026-04-03 18:59:32.872,10,2026-04-01 20:30:00.413,0.0,30,30,-1,60000,34,13,0,8,2167.1204,0,92.18,a41fac73-a0b9-48ab-a2e1-e3f39835215b.extra_data.json,9D1LETwId9,2400,com.sec.android.app.shealth,1870238,86400000,a41fac73-a0b9-48ab-a2e1-e3f39835215b,2026-04-02 00:00:00.000,
0,63110130,0,716000,3988,300,2304910,90,0,63130130,2026-04-03 22:04:16.865,10,2026-04-02 20:30:00.564,0.0,30,30,-1,719082,42,13,0,8,3187.3875,0,132.82098,29230dd2-7e9c-4343-beb5-4fcacb231e38.extra_data.json,9D1LETwId9,2400,com.sec.android.app.shealth,2302510,86400000,29230dd2-7e9c-4343-beb5-4fcacb231e38,2026-04-03 00:00:00.000,
0,63130130,0,0,4868,300,3072431,90,0,63130130,2026-04-04 21:09:00.432,10,2026-04-03 20:30:00.534,0.0,30,30,-1,420000,56,12,0,8,3741.0789,0,156.99997,ed36d109-383a-40e0-905b-ab01fac04433.extra_data.json,9D1LETwId9,2800,com.sec.android.app.shealth,3069631,86400000,ed36d109-383a-40e0-905b-ab01fac04433,2026-04-04 00:00:00.000,
0,63130130,0,0,2831,300,1830334,90,0,63130130,2026-04-05 21:42:56.823,10,2026-04-04 20:30:00.612,0.0,30,30,-1,240000,33,12,0,8,2130.0,0,90.35,5d71f0de-5490-4871-bb72-e7d88f952dc2.extra_data.json,9D1LETwId9,1600,com.sec.android.app.shealth,1828734,86400000,5d71f0de-5490-4871-bb72-e7d88f952dc2,2026-04-05 00:00:00.000,
0,63130130,0,0,2874,300,1884657,90,0,63130130,2026-04-06 21:56:55.119,10,2026-04-05 20:30:00.346,0.0,30,30,-1,180000,34,15,0,8,2172.62,0,93.42998,a8b4f209-d511-46cb-a2cc-765a156b58bd.extra_data.json,9D1LETwId9,3200,com.sec.android.app.shealth,1881457,86400000,a8b4f209-d511-46cb-a2cc-765a156b58bd,2026-04-06 00:00:00.000,
0,63130130,0,0,3252,300,2083139,90,0,63130130,2026-04-07 20:55:21.326,10,2026-04-06 20:30:00.548,0.0,30,30,-1,240000,37,14,0,8,2449.5898,0,103.28999,f7761d5c-f5ad-4dbe-851f-d7bd4bbcd231.extra_data.json,9D1LETwId9,4400,com.sec.android.app.shealth,2078739,86400000,f7761d5c-f5ad-4dbe-851f-d7bd4bbcd231,2026-04-07 00:00:00.000,
0,63130130,0,0,5725,300,3649544,90,0,63130130,2026-04-08 22:58:05.607,10,2026-04-07 20:30:00.714,0.0,30,30,-1,420000,66,15,0,8,4391.389,0,184.76003,3ad0f3e4-4e37-417f-84b0-a9520d02d564.extra_data.json,9D1LETwId9,13600,com.sec.android.app.shealth,3635944,86400000,3ad0f3e4-4e37-417f-84b0-a9520d02d564,2026-04-08 00:00:00.000,
0,63130130,0,0,3019,300,1948392,90,0,63130130,2026-04-09 21:15:31.731,10,2026-04-08 20:30:00.338,0.0,30,30,-1,180000,35,10,0,8,2305.3198,0,98.41998,e11f01ac-1b14-4697-a26c-314d5c33ef13.extra_data.json,9D1LETwId9,3600,com.sec.android.app.shealth,1944792,86400000,e11f01ac-1b14-4697-a26c-314d5c33ef13,2026-04-09 00:00:00.000,
0,63130130,0,0,1721,300,1147640,90,0,63130130,2026-04-10 21:29:41.520,10,2026-04-09 20:30:00.605,0.0,30,30,-1,60000,21,10,0,8,1295.8,0,56.599995,b060ac9f-4356-439d-aa1c-e1535410552f.extra_data.json,9D1LETwId9,400,com.sec.android.app.shealth,1147240,86400000,b060ac9f-4356-439d-aa1c-e1535410552f,2026-04-10 00:00:00.000,
0,63130130,0,0,3608,300,2332155,90,0,63130130,2026-04-11 22:16:13.442,10,2026-04-10 20:30:00.486,0.0,30,30,-1,180000,42,15,0,8,2720.6497,0,114.34,06571a70-c540-4f16-83a1-ba0431b13cd0.extra_data.json,9D1LETwId9,1848,com.sec.android.app.shealth,2330307,86400000,06571a70-c540-4f16-83a1-ba0431b13cd0,2026-04-11 00:00:00.000,
0,63130130,0,0,4560,300,2883094,90,0,63130130,2026-04-12 21:07:34.711,10,2026-04-11 20:30:00.484,0.0,30,30,-1,300000,53,14,0,8,3431.33,0,142.44,83d57e06-0cf3-4028-93fb-78c97a3c9079.extra_data.json,9D1LETwId9,800,com.sec.android.app.shealth,2882294,86400000,83d57e06-0cf3-4028-93fb-78c97a3c9079,2026-04-12 00:00:00.000,
0,63130130,0,0,5029,300,3205549,90,0,63130130,2026-04-13 20:55:04.083,10,2026-04-12 20:30:00.284,0.0,30,30,-1,180000,58,15,0,8,3864.6606,0,163.11996,c4e53f34-b5ce-4fad-a66f-adbd6d6c5440.extra_data.json,9D1LETwId9,8378,com.sec.android.app.shealth,3197171,86400000,c4e53f34-b5ce-4fad-a66f-adbd6d6c5440,2026-04-13 00:00:00.000,
0,63130130,0,0,5555,300,3585085,90,0,63130130,2026-04-14 20:59:18.684,10,2026-04-13 20:30:00.390,0.0,30,30,-1,240000,65,14,0,8,4390.54,0,185.31,b46530a0-0a2e-4bc4-966f-fecf87be6063.extra_data.json,9D1LETwId9,13600,com.sec.android.app.shealth,3571485,86400000,b46530a0-0a2e-4bc4-966f-fecf87be6063,2026-04-14 00:00:00.000,
0,63130130,0,960000,3917,300,2508727,90,0,63130130,2026-04-15 20:54:35.930,10,2026-04-14 20:30:01.043,0.0,30,30,-1,960000,45,12,0,8,2960.5498,0,122.12001,d46131f2-055c-4d0f-90d6-c5390a12120b.extra_data.json,9D1LETwId9,800,com.sec.android.app.shealth,2507927,86400000,d46131f2-055c-4d0f-90d6-c5390a12120b,2026-04-15 00:00:00.000,
0,63130130,0,0,3472,300,2258088,90,0,63130130,2026-04-16 21:52:26.847,10,2026-04-15 20:30:00.450,0.0,30,30,-1,180000,41,13,0,8,2591.6506,0,110.04002,5fee8ffc-4125-4be8-b5a2-4070f18023dd.extra_data.json,9D1LETwId9,1200,com.sec.android.app.shealth,2256888,86400000,5fee8ffc-4125-4be8-b5a2-4070f18023dd,2026-04-16 00:00:00.000,
0,63130130,0,0,1349,300,897380,90,0,63130130,2026-04-17 20:30:32.558,10,2026-04-16 20:30:00.647,0.0,30,30,-1,48157,15,10,0,8,1064.08,0,47.369987,b2b93ddd-91bc-47b2-87b9-0f6d02399e72.extra_data.json,9D1LETwId9,3600,com.sec.android.app.shealth,893780,86400000,b2b93ddd-91bc-47b2-87b9-0f6d02399e72,2026-04-17 00:00:00.000,
0,63130130,0,0,7732,300,4847911,90,0,63130130,2026-04-18 22:00:57.477,10,2026-04-17 20:30:00.535,0.0,30,30,-1,540000,88,15,0,8,5865.5005,0,243.54996,38a333a9-46f7-420c-aea8-4bf165999741.extra_data.json,9D1LETwId9,18000,com.sec.android.app.shealth,4829911,86400000,38a333a9-46f7-420c-aea8-4bf165999741,2026-04-18 00:00:00.000,
0,63130130,0,0,7831,300,4983453,90,0,63130130,2026-04-20 11:22:54.804,10,2026-04-18 20:30:00.589,0.0,30,30,-1,960000,92,14,0,8,5910.199,0,244.96997,a0df64db-306d-47de-8167-cce19152cb4d.extra_data.json,9D1LETwId9,2800,com.sec.android.app.shealth,4980653,86400000,a0df64db-306d-47de-8167-cce19152cb4d,2026-04-19 00:00:00.000,
0,63130130,0,0,6968,300,4341446,90,0,63130130,2026-04-20 20:30:01.967,10,2026-04-19 20:30:00.783,0.0,30,30,-1,360000,80,16,0,8,5272.9507,0,216.55995,f2a17656-a7f3-4c29-9b47-2f462a246ae0.extra_data.json,9D1LETwId9,2285,com.sec.android.app.shealth,4339161,86400000,f2a17656-a7f3-4c29-9b47-2f462a246ae0,2026-04-20 00:00:00.000,
0,63130130,0,0,7841,300,4985630,90,0,63130130,2026-04-21 22:13:25.551,10,2026-04-20 20:30:00.413,0.0,30,30,-1,960000,91,15,0,8,5918.8896,0,245.62999,93d086db-1d7c-419d-b069-27a1c259da6b.extra_data.json,9D1LETwId9,11148,com.sec.android.app.shealth,4974482,86400000,93d086db-1d7c-419d-b069-27a1c259da6b,2026-04-21 00:00:00.000,
0,63130130,0,0,2837,300,1837138,90,0,63130130,2026-04-22 20:40:50.730,10,2026-04-21 20:30:01.344,0.0,30,30,-1,180000,33,9,0,8,2133.5303,0,89.67999,1eda540b-5be4-423e-9ee3-48249f2e5a5a.extra_data.json,9D1LETwId9,400,com.sec.android.app.shealth,1836738,86400000,1eda540b-5be4-423e-9ee3-48249f2e5a5a,2026-04-22 00:00:00.000,
0,63130130,0,0,4688,300,2869381,90,0,63130130,2026-04-23 20:55:10.380,10,2026-04-22 20:30:00.824,0.0,30,30,-1,540000,52,10,0,8,3544.12,0,145.98,8a289137-c658-4630-81ec-dd3f528d0ff9.extra_data.json,9D1LETwId9,0,com.sec.android.app.shealth,2869381,86400000,8a289137-c658-4630-81ec-dd3f528d0ff9,2026-04-23 00:00:00.000,
0,63130130,0,0,4924,300,3195429,90,0,63130130,2026-04-24 21:04:30.322,10,2026-04-23 20:30:00.795,0.0,30,30,-1,120000,58,13,0,8,3706.87,0,156.12997,79ee5d86-24f0-421b-b898-c0ae5080d331.extra_data.json,9D1LETwId9,2800,com.sec.android.app.shealth,3192629,86400000,79ee5d86-24f0-421b-b898-c0ae5080d331,2026-04-24 00:00:00.000,
0,63130130,0,0,7201,300,4549025,90,0,63130130,2026-04-25 21:42:49.102,10,2026-04-24 20:30:00.746,0.0,30,30,-1,240000,83,15,0,8,5471.5996,0,226.36002,858b28b0-8224-48a0-a68e-7366da8339b7.extra_data.json,9D1LETwId9,17600,com.sec.android.app.shealth,4531425,86400000,858b28b0-8224-48a0-a68e-7366da8339b7,2026-04-25 00:00:00.000,
0,63130130,0,0,7082,300,4420387,90,0,63130130,2026-04-26 22:12:12.524,10,2026-04-25 20:30:00.596,0.0,30,30,-1,300000,81,16,0,8,5358.25,0,221.03004,7a8e5f55-24ef-4b96-86fd-7ad70d3a6cbe.extra_data.json,9D1LETwId9,6836,com.sec.android.app.shealth,4413551,86400000,7a8e5f55-24ef-4b96-86fd-7ad70d3a6cbe,2026-04-26 00:00:00.000,
0,63130130,0,0,7033,300,4398912,90,0,63130130,2026-04-27 22:31:30.090,10,2026-04-26 20:30:00.353,0.0,30,30,-1,480000,81,13,0,8,5314.4585,0,217.53,590b9d8d-c3ae-473c-ab9f-e5ae67619a8c.extra_data.json,9D1LETwId9,732,com.sec.android.app.shealth,4398180,86400000,590b9d8d-c3ae-473c-ab9f-e5ae67619a8c,2026-04-27 00:00:00.000,
0,63130130,0,0,5293,300,3361359,90,0,63130130,2026-04-28 20:42:06.176,10,2026-04-27 20:30:00.623,0.0,30,30,-1,420000,61,11,0,8,3994.3193,0,164.47003,18de36db-aefc-4f35-9ef6-a76ca1dd11f4.extra_data.json,9D1LETwId9,2400,com.sec.android.app.shealth,3358959,86400000,18de36db-aefc-4f35-9ef6-a76ca1dd11f4,2026-04-28 00:00:00.000,
0,63130130,0,0,6491,300,4063233,90,0,63130130,2026-04-29 22:21:50.593,10,2026-04-28 20:30:00.649,0.0,30,30,-1,420000,74,15,0,8,4908.499,0,202.31998,85af30bd-cc48-430f-83a2-a4b6d2bb6559.extra_data.json,9D1LETwId9,2800,com.sec.android.app.shealth,4060433,86400000,85af30bd-cc48-430f-83a2-a4b6d2bb6559,2026-04-29 00:00:00.000,
0,63130130,0,0,3021,300,1991038,90,0,63130130,2026-04-30 21:42:28.726,10,2026-04-29 20:30:00.475,0.0,30,30,-1,240000,36,12,0,8,2269.9106,0,96.56,b638de32-ed2d-4eb0-9216-73f971f0e4dd.extra_data.json,9D1LETwId9,800,com.sec.android.app.shealth,1990238,86400000,b638de32-ed2d-4eb0-9216-73f971f0e4dd,2026-04-30 00:00:00.000,
0,63130130,0,0,1098,300,730497,90,0,63130130,2026-05-01 22:41:09.353,10,2026-04-30 20:30:00.750,0.0,30,30,-1,40687,13,8,0,8,819.08,0,35.979992,e8ea2a33-62d6-41c5-8f9d-7bb0c8c4adbe.extra_data.json,9D1LETwId9,2800,com.sec.android.app.shealth,727697,86400000,e8ea2a33-62d6-41c5-8f9d-7bb0c8c4adbe,2026-05-01 00:00:00.000,
0,63130130,0,780000,6784,300,4204281,90,0,63130130,2026-05-02 22:45:41.070,10,2026-05-01 20:30:00.676,0.0,30,30,-1,900000,77,13,0,8,5220.2803,0,214.89003,a41500b9-285a-4a4c-8a88-dd7f94de940e.extra_data.json,9D1LETwId9,2553,com.sec.android.app.shealth,4201728,86400000,a41500b9-285a-4a4c-8a88-dd7f94de940e,2026-05-02 00:00:00.000,
0,63130130,0,660000,7029,300,4509530,90,0,63130130,2026-05-03 21:07:23.503,10,2026-05-02 20:30:00.676,0.0,30,30,-1,1080000,83,12,0,8,5285.86,0,217.28996,5969a9e8-f9c4-47d9-b461-0b3fe44203e6.extra_data.json,9D1LETwId9,1600,com.sec.android.app.shealth,4507930,86400000,5969a9e8-f9c4-47d9-b461-0b3fe44203e6,2026-05-03 00:00:00.000,
0,63130130,0,0,3933,300,2526058,90,0,63130130,2026-05-05 12:43:08.968,10,2026-05-03 20:30:00.643,0.0,30,30,-1,180000,46,13,0,8,3020.3096,0,128.33,88e2b9f1-22ff-40c8-ac0a-7f2fc75aef98.extra_data.json,9D1LETwId9,2400,com.sec.android.app.shealth,2523658,86400000,88e2b9f1-22ff-40c8-ac0a-7f2fc75aef98,2026-05-04 00:00:00.000,
0,63130130,0,1019000,7206,300,4482596,90,0,63130130,2026-05-05 20:30:02.411,10,2026-05-04 20:30:00.858,0.0,30,30,-1,1019510,82,14,0,8,5551.2695,0,227.34003,087b3676-4d6d-4535-8cca-eaa2695b5f08.extra_data.json,9D1LETwId9,3200,com.sec.android.app.shealth,4479396,86400000,087b3676-4d6d-4535-8cca-eaa2695b5f08,2026-05-05 00:00:00.000,
0,63130130,0,0,3219,300,2066021,90,0,63130130,2026-05-06 20:31:05.791,10,2026-05-05 20:30:00.463,0.0,30,30,-1,180000,37,15,0,8,2457.3296,0,104.11001,c38a413f-2897-46f2-b4f9-b87a2e1c6e0a.extra_data.json,9D1LETwId9,3200,com.sec.android.app.shealth,2062821,86400000,c38a413f-2897-46f2-b4f9-b87a2e1c6e0a,2026-05-06 00:00:00.000,
0,63130130,0,0,5849,300,3604813,90,0,63130130,2026-05-07 20:51:17.089,10,2026-05-06 20:30:00.908,0.0,30,30,-1,540000,66,14,0,8,4471.389,0,185.01997,c85c7a32-a5cf-4542-b535-bb6a74ce5591.extra_data.json,9D1LETwId9,4400,com.sec.android.app.shealth,3600413,86400000,c85c7a32-a5cf-4542-b535-bb6a74ce5591,2026-05-07 00:00:00.000,
0,63130130,0,0,1986,300,1320363,90,0,63130130,2026-05-08 21:29:14.741,10,2026-05-07 20:30:00.772,0.0,30,30,-1,120000,23,11,0,8,1484.0901,0,64.61999,2c27d2ee-02ee-442e-8f97-d7a6c5ec410d.extra_data.json,9D1LETwId9,400,com.sec.android.app.shealth,1319963,86400000,2c27d2ee-02ee-442e-8f97-d7a6c5ec410d,2026-05-08 00:00:00.000,
0,63130130,0,0,5544,300,3518311,90,0,63130130,2026-05-09 20:35:03.108,10,2026-05-08 20:30:00.826,0.0,30,30,-1,300000,64,11,0,8,4185.84,0,172.57994,8a44ab76-687b-4fa6-96df-addaf41f55ec.extra_data.json,9D1LETwId9,2373,com.sec.android.app.shealth,3515938,86400000,8a44ab76-687b-4fa6-96df-addaf41f55ec,2026-05-09 00:00:00.000,
0,63130130,0,0,3741,300,2406903,90,0,63130130,2026-05-10 22:23:52.360,10,2026-05-09 20:30:00.989,0.0,30,30,-1,240000,44,12,0,8,2831.3196,0,118.16,2c11107b-7b7c-420a-8c20-babd69d97214.extra_data.json,9D1LETwId9,0,com.sec.android.app.shealth,2406903,86400000,2c11107b-7b7c-420a-8c20-babd69d97214,2026-05-10 00:00:00.000,
0,63130130,0,0,5774,300,3613276,90,0,63130130,2026-05-12 10:46:20.248,10,2026-05-10 20:30:00.753,0.0,30,30,-1,240000,66,13,0,8,4450.79,0,185.16003,b23ee180-2bbb-4980-91be-5df2035dedcf.extra_data.json,9D1LETwId9,7173,com.sec.android.app.shealth,3606103,86400000,b23ee180-2bbb-4980-91be-5df2035dedcf,2026-05-11 00:00:00.000,
0,63130130,0,0,6670,300,4239812,90,0,63130130,2026-05-12 20:49:38.461,10,2026-05-11 20:30:00.533,0.0,30,30,-1,300000,77,15,0,8,5008.1006,0,207.26,892929e8-8695-49d9-b630-72981e382b22.extra_data.json,9D1LETwId9,1200,com.sec.android.app.shealth,4238612,86400000,892929e8-8695-49d9-b630-72981e382b22,2026-05-12 00:00:00.000,
0,63130130,0,0,3554,300,2291765,90,0,63130130,2026-05-13 22:06:08.074,10,2026-05-12 20:30:00.445,0.0,30,30,-1,180000,42,13,0,8,2657.4502,0,111.81002,42a24e4b-e7f9-44b6-b5f3-115cc0089667.extra_data.json,9D1LETwId9,800,com.sec.android.app.shealth,2290965,86400000,42a24e4b-e7f9-44b6-b5f3-115cc0089667,2026-05-13 00:00:00.000,
0,63130130,0,0,2986,300,1938729,90,0,63130130,2026-05-14 21:55:07.557,10,2026-05-13 20:30:00.404,0.0,30,30,-1,240000,35,14,0,8,2226.3403,0,93.69998,e3427912-7c84-4252-84bd-3b9bd3da0e01.extra_data.json,9D1LETwId9,0,com.sec.android.app.shealth,1938729,86400000,e3427912-7c84-4252-84bd-3b9bd3da0e01,2026-05-14 00:00:00.000,
0,63130130,0,0,1876,300,1251025,90,0,63130130,2026-05-15 20:54:22.114,10,2026-05-14 20:30:04.480,0.0,30,30,-1,49358,22,13,0,8,1402.3802,0,60.909992,187f37a4-b490-404d-b33f-babc549bb455.extra_data.json,9D1LETwId9,400,com.sec.android.app.shealth,1250625,86400000,187f37a4-b490-404d-b33f-babc549bb455,2026-05-15 00:00:00.000,
0,63130130,0,0,1779,300,1116985,90,0,63130130,2026-05-16 12:02:36.649,10,2026-05-15 20:30:00.417,0.0,30,30,-1,420000,20,9,0,8,1357.6399,0,56.44999,e7f83472-e2dd-4d86-a1e2-80af9500c375.extra_data.json,9D1LETwId9,0,com.sec.android.app.shealth,1116985,86400000,e7f83472-e2dd-4d86-a1e2-80af9500c375,2026-05-16 00:00:00.000,
